"gene_id","gene_label","gene_group","stimulus","time","comparison","baseMean","log2FC","fold_change","lfcSE","stat","pvalue","padj","ci95_low_log2FC","ci95_high_log2FC","significant_FDR05"
"AT1G17330","PDE1","cGMP-stimulated phosphodiesterase","flg22",0,"flg22_0_vs_mock_0",253.315897605561,-0.312131164582645,0.805451059040837,0.184041001068048,-1.69598710489103,0.0898883221659705,1,-0.672851526676019,0.0485891975107286,FALSE
"AT1G17330","PDE1","cGMP-stimulated phosphodiesterase","flg22",5,"flg22_5_vs_mock_5",253.315897605561,-0.0633317944723095,0.957051327919027,0.168131986722072,-0.376679034769268,0.706412145014343,0.977198218828125,-0.392870488447571,0.266206899502952,FALSE
"AT1G17330","PDE1","cGMP-stimulated phosphodiesterase","flg22",10,"flg22_10_vs_mock_10",253.315897605561,-0.200016539547725,0.870540583064928,0.179164936361326,-1.11638216500324,0.264258584428056,1,-0.551179814815925,0.151146735720475,FALSE
"AT1G17330","PDE1","cGMP-stimulated phosphodiesterase","flg22",30,"flg22_30_vs_mock_30",253.315897605561,1.01721311822291,2.02400537069028,0.163422318861094,6.22444428222517,4.83265846158162e-10,7.70120031146822e-09,0.696905373255169,1.33752086319066,TRUE
"AT1G17330","PDE1","cGMP-stimulated phosphodiesterase","flg22",90,"flg22_90_vs_mock_90",253.315897605561,2.98664002153985,7.92625851474483,0.160284663723563,18.6333486445764,1.72393129410715e-77,1.71013984375429e-75,2.67248208064166,3.30079796243803,TRUE
"AT1G17330","PDE1","cGMP-stimulated phosphodiesterase","flg22",180,"flg22_180_vs_mock_180",253.315897605561,2.24729332681957,4.74791243168081,0.161051127767199,13.9539123877981,2.97810108940203e-44,1.22908603898542e-42,1.93163311639586,2.56295353724328,TRUE
"AT1G17330","PDE1","cGMP-stimulated phosphodiesterase","elf18",0,"elf18_0_vs_mock_0",253.315897605561,-0.0987974372733967,0.933811048182506,0.168638454519882,-0.585853550156608,0.557973934106424,1,-0.429328808132366,0.231733933585573,FALSE
"AT1G17330","PDE1","cGMP-stimulated phosphodiesterase","elf18",5,"elf18_5_vs_mock_5",253.315897605561,-0.121145736749439,0.919457160640622,0.168373851094709,-0.719504459640205,0.471830155430382,1,-0.451158484895068,0.20886701139619,FALSE
"AT1G17330","PDE1","cGMP-stimulated phosphodiesterase","elf18",10,"elf18_10_vs_mock_10",253.315897605561,-0.172529671123976,0.887285519416169,0.166552662976915,-1.03588659610858,0.300255051603267,0.947581232548069,-0.49897289055873,0.153913548310778,FALSE
"AT1G17330","PDE1","cGMP-stimulated phosphodiesterase","elf18",30,"elf18_30_vs_mock_30",253.315897605561,1.09108956750909,2.13034866211093,0.163029203921674,6.69260194654014,2.19236909040395e-11,3.71547153643217e-10,0.771552327822605,1.41062680719557,TRUE
"AT1G17330","PDE1","cGMP-stimulated phosphodiesterase","elf18",90,"elf18_90_vs_mock_90",253.315897605561,1.85271932617432,3.61180330216388,0.17360745422403,10.6718881078891,1.37797438111862e-26,4.50020016769327e-25,1.51244871589523,2.19298993645342,TRUE
"AT1G17330","PDE1","cGMP-stimulated phosphodiesterase","elf18",180,"elf18_180_vs_mock_180",253.315897605561,1.08566902026269,2.12235945527798,0.163392563441728,6.64454365237912,3.04157958041965e-11,5.45287356881334e-10,0.765419595916901,1.40591844460848,TRUE
"AT1G17330","PDE1","cGMP-stimulated phosphodiesterase","nlp20",0,"nlp20_0_vs_mock_0",253.315897605561,-0.0488234350190584,0.966724402892878,0.168367216606918,-0.289981838525281,0.771830131696243,1,-0.378823179568618,0.281176309530502,FALSE
"AT1G17330","PDE1","cGMP-stimulated phosphodiesterase","nlp20",5,"nlp20_5_vs_mock_5",253.315897605561,-0.156296831141547,0.897325409061995,0.182855534672677,-0.854755812676534,0.392686345182419,1,-0.514693679099994,0.202100016816901,FALSE
"AT1G17330","PDE1","cGMP-stimulated phosphodiesterase","nlp20",10,"nlp20_10_vs_mock_10",253.315897605561,-0.06922357846793,0.953150821404851,0.179480670588612,-0.385688209437314,0.699727596002086,1,-0.421005692821609,0.282558535885749,FALSE
"AT1G17330","PDE1","cGMP-stimulated phosphodiesterase","nlp20",30,"nlp20_30_vs_mock_30",253.315897605561,0.432872823324163,1.34991898161127,0.165522562375079,2.61518923530956,0.00891780320319995,0.0723695739504616,0.108448601069007,0.757297045579318,FALSE
"AT1G17330","PDE1","cGMP-stimulated phosphodiesterase","nlp20",90,"nlp20_90_vs_mock_90",253.315897605561,2.09609592718813,4.27550824103319,0.173046145989218,12.1129304279261,9.02125414551665e-34,6.0334363803159e-32,1.75692548104927,2.435266373327,TRUE
"AT1G17330","PDE1","cGMP-stimulated phosphodiesterase","nlp20",180,"nlp20_180_vs_mock_180",253.315897605561,1.70212770381884,3.25380479858436,0.173509106506936,9.81001941676647,1.01948941680073e-22,5.17576240738518e-21,1.36204985506525,2.04220555257243,TRUE
"AT1G17330","PDE1","cGMP-stimulated phosphodiesterase","OGs",0,"OGs_0_vs_mock_0",253.315897605561,-0.109531288426722,0.92688914638365,0.181081128034307,-0.604874122531257,0.545262638481295,1,-0.464450299373963,0.24538772252052,FALSE
"AT1G17330","PDE1","cGMP-stimulated phosphodiesterase","OGs",5,"OGs_5_vs_mock_5",253.315897605561,0.0342985629514303,1.02405880549233,0.167418551392637,0.204867158783329,0.837675914473885,1,-0.293841797778138,0.362438923680999,FALSE
"AT1G17330","PDE1","cGMP-stimulated phosphodiesterase","OGs",10,"OGs_10_vs_mock_10",253.315897605561,-0.220858145032915,0.858054895704527,0.16761066429808,-1.31768551814901,0.187608944418807,0.896252957325775,-0.549375047057152,0.107658756991322,FALSE
"AT1G17330","PDE1","cGMP-stimulated phosphodiesterase","OGs",30,"OGs_30_vs_mock_30",253.315897605561,0.942471218780785,1.92181733701222,0.163241533011943,5.77347689274538,7.76522596126305e-09,1.10766039286522e-07,0.622517814077376,1.26242462348419,TRUE
"AT1G17330","PDE1","cGMP-stimulated phosphodiesterase","OGs",90,"OGs_90_vs_mock_90",253.315897605561,1.24232594639484,2.36579644172249,0.17556511131914,7.07615503479254,1.4820904858695e-12,4.65909538637078e-11,0.898218328209328,1.58643356458036,TRUE
"AT1G17330","PDE1","cGMP-stimulated phosphodiesterase","OGs",180,"OGs_180_vs_mock_180",253.315897605561,0.855846950165618,1.80982091880863,0.163879235989492,5.22242457989306,1.76595490399829e-07,9.05453241686397e-06,0.534643647626214,1.17705025270502,TRUE
"AT1G17330","PDE1","cGMP-stimulated phosphodiesterase","Pep1",0,"Pep1_0_vs_mock_0",253.315897605561,0.103712245618734,1.07453482891291,0.179823716960136,0.57674397666758,0.56411242005867,1,-0.248742239623133,0.456166730860601,FALSE
"AT1G17330","PDE1","cGMP-stimulated phosphodiesterase","Pep1",5,"Pep1_5_vs_mock_5",253.315897605561,-0.235215357469586,0.849558172367027,0.184446983693299,-1.27524642994816,0.202222032182498,1,-0.596731445508451,0.12630073056928,FALSE
"AT1G17330","PDE1","cGMP-stimulated phosphodiesterase","Pep1",10,"Pep1_10_vs_mock_10",253.315897605561,-0.348561456382756,0.785366814483854,0.167977352377749,-2.07505030558469,0.0379818726991535,0.801393639267859,-0.677797067043144,-0.0193258457223673,FALSE
"AT1G17330","PDE1","cGMP-stimulated phosphodiesterase","Pep1",30,"Pep1_30_vs_mock_30",253.315897605561,0.78736514052879,1.72591945734276,0.164256541784307,4.79350856882592,1.63889455688725e-06,1.99960902964308e-05,0.465422318631548,1.10930796242603,TRUE
"AT1G17330","PDE1","cGMP-stimulated phosphodiesterase","Pep1",90,"Pep1_90_vs_mock_90",253.315897605561,1.49000146433007,2.80889260249003,0.162717357889066,9.15699150760481,5.33642717788546e-20,1.43825217965489e-18,1.1710754428675,1.80892748579264,TRUE
"AT1G17330","PDE1","cGMP-stimulated phosphodiesterase","Pep1",180,"Pep1_180_vs_mock_180",253.315897605561,1.36038765936754,2.56754161370604,0.16257384969002,8.36781353188966,5.86971813602342e-17,2.8880564696584e-15,1.04174291397511,1.67903240475998,TRUE
"AT1G17330","PDE1","cGMP-stimulated phosphodiesterase","chitooct",0,"chitooct_0_vs_mock_0",253.315897605561,0.0610194859053197,1.04320268355642,0.181315836129569,0.336536990964843,0.736465961803268,1,-0.294359552908635,0.416398524719275,FALSE
"AT1G17330","PDE1","cGMP-stimulated phosphodiesterase","chitooct",5,"chitooct_5_vs_mock_5",253.315897605561,-0.0780819961976786,0.947316227940969,0.167666604571266,-0.465697962914794,0.641431710696433,1,-0.406708541157359,0.250544548762002,FALSE
"AT1G17330","PDE1","cGMP-stimulated phosphodiesterase","chitooct",10,"chitooct_10_vs_mock_10",253.315897605561,-0.231015670721383,0.852034840123039,0.166361725135094,-1.38863473875248,0.164943848265844,1,-0.557084651986168,0.095053310543402,FALSE
"AT1G17330","PDE1","cGMP-stimulated phosphodiesterase","chitooct",30,"chitooct_30_vs_mock_30",253.315897605561,0.495763757258654,1.41006704170414,0.16579680247604,2.9901888929993,0.00278804976434298,0.0282006070608173,0.170802024405615,0.820725490111692,TRUE
"AT1G17330","PDE1","cGMP-stimulated phosphodiesterase","chitooct",90,"chitooct_90_vs_mock_90",253.315897605561,0.787151903136479,1.72566437684621,0.164758081973857,4.777622400711,1.77380076646481e-06,6.29730174547385e-05,0.464226062467719,1.11007774380524,TRUE
"AT1G17330","PDE1","cGMP-stimulated phosphodiesterase","chitooct",180,"chitooct_180_vs_mock_180",253.315897605561,0.449061058340415,1.36515149317265,0.166991697589064,2.68912206309486,0.00716402179510213,0.299044326574515,0.12175733106585,0.776364785614979,FALSE
"AT1G17330","PDE1","cGMP-stimulated phosphodiesterase","3.OH10",0,"3.OH10_0_vs_mock_0",253.315897605561,0.0341221060216066,1.02393355988103,0.167770888015071,0.203385142829675,0.838834011436758,1,-0.294708834487932,0.362953046531145,FALSE
"AT1G17330","PDE1","cGMP-stimulated phosphodiesterase","3.OH10",5,"3.OH10_5_vs_mock_5",253.315897605561,-0.151822939860696,0.900112392671413,0.182004698548668,-0.834170442144373,0.404184944739484,1,-0.508552149016086,0.204906269294694,FALSE
"AT1G17330","PDE1","cGMP-stimulated phosphodiesterase","3.OH10",10,"3.OH10_10_vs_mock_10",253.315897605561,-0.21234022872261,0.863135982437887,0.167138106656003,-1.27044773314107,0.203925189507307,0.999602297317036,-0.539930917768377,0.115250460323156,FALSE
"AT1G17330","PDE1","cGMP-stimulated phosphodiesterase","3.OH10",30,"3.OH10_30_vs_mock_30",253.315897605561,0.323817152272306,1.25163781553993,0.165687228864213,1.95438812328551,0.050655334197438,0.433705962170322,-0.000929816301551312,0.648564120846163,FALSE
"AT1G17330","PDE1","cGMP-stimulated phosphodiesterase","3.OH10",90,"3.OH10_90_vs_mock_90",253.315897605561,0.426606271321158,1.34406813187498,0.165954186960975,2.57062674424405,0.0101514672928937,0.0893724575126471,0.101336064877648,0.751876477764668,FALSE
"AT1G17330","PDE1","cGMP-stimulated phosphodiesterase","3.OH10",180,"3.OH10_180_vs_mock_180",253.315897605561,0.517224702025259,1.4311994142277,0.165408789030092,3.12694812082302,0.00176631092912429,0.0337849463510226,0.193023475526278,0.84142592852424,TRUE
"AT2G14610","PR1","Pathogenesis-related protein 1","flg22",0,"flg22_0_vs_mock_0",23.9548786092005,0.664668093079645,1.58520353879202,1.06241088060337,0.625622445340698,0.531562613045533,1,-1.41765723290296,2.74699341906225,FALSE
"AT2G14610","PR1","Pathogenesis-related protein 1","flg22",5,"flg22_5_vs_mock_5",23.9548786092005,0.563843446190187,1.47820201572705,1.0149681061244,0.555528240530819,0.578533399242603,NA,-1.42549404181364,2.55318093419401,FALSE
"AT2G14610","PR1","Pathogenesis-related protein 1","flg22",10,"flg22_10_vs_mock_10",23.9548786092005,-2.86801311269425,0.136975225828771,1.08412193911481,-2.64547096522738,0.00815772875897826,0.324610783620913,-4.99289211335928,-0.743134112029211,FALSE
"AT2G14610","PR1","Pathogenesis-related protein 1","flg22",30,"flg22_30_vs_mock_30",23.9548786092005,-0.93728715870242,0.522213927932061,0.994715201792209,-0.942266848856518,0.346056036301136,0.643391189440328,-2.88692895421515,1.01235463681031,FALSE
"AT2G14610","PR1","Pathogenesis-related protein 1","flg22",90,"flg22_90_vs_mock_90",23.9548786092005,0.199911187708478,1.14862764331493,1.014989700846,0.196958833712157,0.843859752643306,0.903413432375633,-1.78946862594968,2.18929100136663,FALSE
"AT2G14610","PR1","Pathogenesis-related protein 1","flg22",180,"flg22_180_vs_mock_180",23.9548786092005,0.678381288212233,1.60034315363011,0.996063699871356,0.6810621532537,0.495832163476941,0.589753218273084,-1.27390356353562,2.63066613996009,FALSE
"AT2G14610","PR1","Pathogenesis-related protein 1","elf18",0,"elf18_0_vs_mock_0",23.9548786092005,-2.17944320283576,0.220760933634579,1.02450822547644,-2.12730669080009,0.0333946092000733,1,-4.18747932476959,-0.171407080901934,FALSE
"AT2G14610","PR1","Pathogenesis-related protein 1","elf18",5,"elf18_5_vs_mock_5",23.9548786092005,0.0196653940168064,1.01372433822675,1.02287266181252,0.0192256521764493,0.984661093905187,1,-1.98516502313573,2.02449581116934,FALSE
"AT2G14610","PR1","Pathogenesis-related protein 1","elf18",10,"elf18_10_vs_mock_10",23.9548786092005,-0.205953115934106,0.866965737326303,0.976365231851804,-0.210938600858912,0.832935182611296,0.994049325037524,-2.11962897036364,1.70772273849543,FALSE
"AT2G14610","PR1","Pathogenesis-related protein 1","elf18",30,"elf18_30_vs_mock_30",23.9548786092005,1.67906867852228,3.2022116781194,0.978224121118205,1.71644579424492,0.0860804810583826,0.270425360200958,-0.238250598869403,3.59638795591396,FALSE
"AT2G14610","PR1","Pathogenesis-related protein 1","elf18",90,"elf18_90_vs_mock_90",23.9548786092005,-0.99448244918061,0.501915898714942,1.12597398419489,-0.883219739656505,0.377117558300781,0.517918398561559,-3.2013914582026,1.21242655984138,FALSE
"AT2G14610","PR1","Pathogenesis-related protein 1","elf18",180,"elf18_180_vs_mock_180",23.9548786092005,1.56426065463497,2.95725910827711,0.989118858322981,1.58146884115335,0.113770877897384,0.213009292638653,-0.374412307678074,3.50293361694801,FALSE
"AT2G14610","PR1","Pathogenesis-related protein 1","nlp20",0,"nlp20_0_vs_mock_0",23.9548786092005,-1.8480407053545,0.277769344846225,1.01527756447078,-1.82023199371868,0.0687236828271789,1,-3.83798473171723,0.141903321008231,FALSE
"AT2G14610","PR1","Pathogenesis-related protein 1","nlp20",5,"nlp20_5_vs_mock_5",23.9548786092005,0.657924225285013,1.57781080812407,1.0941193000666,0.601327684508411,0.547621753814453,1,-1.48654960284553,2.80239805341555,FALSE
"AT2G14610","PR1","Pathogenesis-related protein 1","nlp20",10,"nlp20_10_vs_mock_10",23.9548786092005,-2.45095858084067,0.182889153182256,1.07865370212515,-2.27223860263199,0.0230721028849706,1,-4.56511983700597,-0.336797324675381,FALSE
"AT2G14610","PR1","Pathogenesis-related protein 1","nlp20",30,"nlp20_30_vs_mock_30",23.9548786092005,-0.814555468367541,0.56858365495035,0.991537098165891,-0.821507808305182,0.411357078282307,0.787307385421209,-2.75796818077269,1.12885724403761,FALSE
"AT2G14610","PR1","Pathogenesis-related protein 1","nlp20",90,"nlp20_90_vs_mock_90",23.9548786092005,0.162175117059721,1.11897291584715,1.09379606665334,0.148268147970146,0.882131151726621,0.930624618270958,-1.98166517358082,2.30601540770026,FALSE
"AT2G14610","PR1","Pathogenesis-related protein 1","nlp20",180,"nlp20_180_vs_mock_180",23.9548786092005,2.46021087231594,5.50297155864948,1.06342882790575,2.31347017097601,0.0206968029362326,0.0558228910878488,0.375890369620663,4.54453137501122,FALSE
"AT2G14610","PR1","Pathogenesis-related protein 1","OGs",0,"OGs_0_vs_mock_0",23.9548786092005,-0.663994791514431,0.631128294581032,1.07277971614888,-0.618947936392829,0.535950657688659,1,-2.76664303516623,1.43865345213736,FALSE
"AT2G14610","PR1","Pathogenesis-related protein 1","OGs",5,"OGs_5_vs_mock_5",23.9548786092005,0.295363551072608,1.2271941843563,1.0184717935997,0.290006608851358,0.771811181643211,1,-1.7008411643828,2.29156826652801,FALSE
"AT2G14610","PR1","Pathogenesis-related protein 1","OGs",10,"OGs_10_vs_mock_10",23.9548786092005,-3.39042399752601,0.0953631699027315,1.02001675201499,-3.32389050555142,0.000887710422030922,0.0298839711872598,-5.38965683147538,-1.39119116357663,TRUE
"AT2G14610","PR1","Pathogenesis-related protein 1","OGs",30,"OGs_30_vs_mock_30",23.9548786092005,-1.76685145172358,0.293849336984946,1.00700926818052,-1.75455331698778,0.0793357424979226,0.243899456926133,-3.7405896173574,0.206886713910247,FALSE
"AT2G14610","PR1","Pathogenesis-related protein 1","OGs",90,"OGs_90_vs_mock_90",23.9548786092005,0.407827221953342,1.32668624632074,1.08869379286499,0.374602321264375,0.707956246428088,0.83207424132341,-1.72601261206204,2.54166705596872,FALSE
"AT2G14610","PR1","Pathogenesis-related protein 1","OGs",180,"OGs_180_vs_mock_180",23.9548786092005,1.88681045136856,3.69816719646949,0.987673027302932,1.91035939952813,0.0560869545952157,0.202951719870463,-0.0490286821451908,3.8226495848823,FALSE
"AT2G14610","PR1","Pathogenesis-related protein 1","Pep1",0,"Pep1_0_vs_mock_0",23.9548786092005,-0.325358126209132,0.798100246011208,1.06939249803967,-0.304245753365161,0.760940669782721,1,-2.42136742236689,1.77065116994862,FALSE
"AT2G14610","PR1","Pathogenesis-related protein 1","Pep1",5,"Pep1_5_vs_mock_5",23.9548786092005,-0.501568363556654,0.706338498290817,1.12370691932158,-0.446351584147465,0.655343300013464,1,-2.70403392542695,1.70089719831364,FALSE
"AT2G14610","PR1","Pathogenesis-related protein 1","Pep1",10,"Pep1_10_vs_mock_10",23.9548786092005,-3.30789010417866,0.100977788788182,1.01502490568663,-3.25892506247516,0.00111835204052274,0.0569060316200387,-5.29733891932446,-1.31844128903286,FALSE
"AT2G14610","PR1","Pathogenesis-related protein 1","Pep1",30,"Pep1_30_vs_mock_30",23.9548786092005,0.419510938888564,1.33747408580955,0.982594766963521,0.426941963252017,0.669421600032051,0.865663416163352,-1.50637480435994,2.34539668213706,FALSE
"AT2G14610","PR1","Pathogenesis-related protein 1","Pep1",90,"Pep1_90_vs_mock_90",23.9548786092005,0.281343234344537,1.21532589802838,1.01064616372837,0.278379559970459,0.780721008408912,0.859568784603002,-1.69952324656307,2.26220971525214,FALSE
"AT2G14610","PR1","Pathogenesis-related protein 1","Pep1",180,"Pep1_180_vs_mock_180",23.9548786092005,2.18970265952768,4.56211451153323,0.987150888230162,2.21820461860044,0.0265408839795687,0.0629173582018046,0.254886918596558,4.12451840045879,FALSE
"AT2G14610","PR1","Pathogenesis-related protein 1","chitooct",0,"chitooct_0_vs_mock_0",23.9548786092005,-1.60009929177273,0.329854275083271,1.09464133715385,-1.46175668455305,0.143807897753427,1,-3.74559631259428,0.545397729048821,FALSE
"AT2G14610","PR1","Pathogenesis-related protein 1","chitooct",5,"chitooct_5_vs_mock_5",23.9548786092005,0.253635663246235,1.19220775536359,1.01796153529109,0.24916036063554,0.803236740256014,1,-1.7415689459243,2.24884027241677,FALSE
"AT2G14610","PR1","Pathogenesis-related protein 1","chitooct",10,"chitooct_10_vs_mock_10",23.9548786092005,-3.47596086038968,0.0898734714931536,1.01656802228475,-3.4193096617159,0.00062780237032561,0.134086030254144,-5.4684341840678,-1.48348753671156,FALSE
"AT2G14610","PR1","Pathogenesis-related protein 1","chitooct",30,"chitooct_30_vs_mock_30",23.9548786092005,-1.88655911358797,0.270451327945627,1.01215154110577,-1.86390973779175,0.062334381011649,0.313076219848852,-3.87037613415529,0.0972579069793407,FALSE
"AT2G14610","PR1","Pathogenesis-related protein 1","chitooct",90,"chitooct_90_vs_mock_90",23.9548786092005,-0.645619246582481,0.63921836067402,1.02576514153961,-0.629402599520436,0.529085516564288,0.804604825115452,-2.65611892400012,1.36488043083516,FALSE
"AT2G14610","PR1","Pathogenesis-related protein 1","chitooct",180,"chitooct_180_vs_mock_180",23.9548786092005,0.925140753478727,1.89886949203469,0.993347592808562,0.931336382326162,0.351679587719328,0.95976843450621,-1.02182052842605,2.87210203538351,FALSE
"AT2G14610","PR1","Pathogenesis-related protein 1","3.OH10",0,"3.OH10_0_vs_mock_0",23.9548786092005,0.492771447125275,1.40714543658814,0.985092401873656,0.500228654883561,0.616914083743957,1,-1.43800966054709,2.42355255479764,FALSE
"AT2G14610","PR1","Pathogenesis-related protein 1","3.OH10",5,"3.OH10_5_vs_mock_5",23.9548786092005,3.57447732844699,11.9131029451005,1.07469629239689,3.32603485629865,0.000880909118682334,1,1.46807259534908,5.6808820615449,FALSE
"AT2G14610","PR1","Pathogenesis-related protein 1","3.OH10",10,"3.OH10_10_vs_mock_10",23.9548786092005,-2.80130434448622,0.143457535380222,1.0026647790936,-2.79385932656232,0.00520831298851897,NA,-4.76652731150969,-0.836081377462755,FALSE
"AT2G14610","PR1","Pathogenesis-related protein 1","3.OH10",30,"3.OH10_30_vs_mock_30",23.9548786092005,-2.00146731470305,0.249745862996485,1.01025744900066,-1.98114581256776,0.0475749239495063,0.418354485996485,-3.98157191474435,-0.0213627146617494,FALSE
"AT2G14610","PR1","Pathogenesis-related protein 1","3.OH10",90,"3.OH10_90_vs_mock_90",23.9548786092005,-0.0813093926360294,0.945199392624769,1.01286790391916,-0.0802764035876875,0.936017424844296,0.987015076768308,-2.06653048431758,1.90391169904552,FALSE
"AT2G14610","PR1","Pathogenesis-related protein 1","3.OH10",180,"3.OH10_180_vs_mock_180",23.9548786092005,1.04546415631792,2.06403030946177,0.991172726081468,1.05477494366808,0.291528266732208,0.693763470198166,-0.89723438680176,2.9881626994376,FALSE
"AT5G40270","AT5G40270","HD-domain-containing metal-dependent phosphohydrolase","flg22",0,"flg22_0_vs_mock_0",73.7154584519454,-0.403018215110398,0.756274450047737,0.175025729041934,-2.30262269048364,0.0213000813582116,1,-0.746068644032588,-0.0599677861882082,FALSE
"AT5G40270","AT5G40270","HD-domain-containing metal-dependent phosphohydrolase","flg22",5,"flg22_5_vs_mock_5",73.7154584519454,0.026626007038152,1.01862710147629,0.161756189784392,0.164605800084945,0.869254265688516,0.991041614645259,-0.290416124939256,0.34366813901556,FALSE
"AT5G40270","AT5G40270","HD-domain-containing metal-dependent phosphohydrolase","flg22",10,"flg22_10_vs_mock_10",73.7154584519454,-0.140288853233154,0.907337472013376,0.174272659314856,-0.804996341851282,0.420821790772468,1,-0.481863265490272,0.201285559023964,FALSE
"AT5G40270","AT5G40270","HD-domain-containing metal-dependent phosphohydrolase","flg22",30,"flg22_30_vs_mock_30",73.7154584519454,-0.0484749972616127,0.966957913062183,0.171704588032109,-0.28231626083601,0.777701018150434,0.931032184364925,-0.385015989804547,0.288065995281322,FALSE
"AT5G40270","AT5G40270","HD-domain-containing metal-dependent phosphohydrolase","flg22",90,"flg22_90_vs_mock_90",73.7154584519454,-0.82195054601375,0.565676621857946,0.176635021075568,-4.65338380242331,3.26531645862077e-06,1.17842434814072e-05,-1.16815518732186,-0.475745904705636,TRUE
"AT5G40270","AT5G40270","HD-domain-containing metal-dependent phosphohydrolase","flg22",180,"flg22_180_vs_mock_180",73.7154584519454,-0.458942684911514,0.727519243976457,0.172459349970666,-2.66116441346658,0.00778709224241818,0.0154746392456713,-0.796963010854019,-0.120922358969009,TRUE
"AT5G40270","AT5G40270","HD-domain-containing metal-dependent phosphohydrolase","elf18",0,"elf18_0_vs_mock_0",73.7154584519454,-0.0670407790356832,0.954594031324134,0.156920692424728,-0.427227142576123,0.669213893490265,1,-0.37460533618815,0.240523778116784,FALSE
"AT5G40270","AT5G40270","HD-domain-containing metal-dependent phosphohydrolase","elf18",5,"elf18_5_vs_mock_5",73.7154584519454,-0.0476384178024296,0.96751878815404,0.162412132622791,-0.293318097811522,0.7692790216512,1,-0.365966197743099,0.27068936213824,FALSE
"AT5G40270","AT5G40270","HD-domain-containing metal-dependent phosphohydrolase","elf18",10,"elf18_10_vs_mock_10",73.7154584519454,0.100081824878544,1.0718342516968,0.159931590853106,0.625778961771641,0.531459932881241,0.977539148914967,-0.213384093193544,0.413547742950631,FALSE
"AT5G40270","AT5G40270","HD-domain-containing metal-dependent phosphohydrolase","elf18",30,"elf18_30_vs_mock_30",73.7154584519454,0.237187138432623,1.17869229134992,0.166348505376423,1.42584472217471,0.15391316845843,0.398421265020983,-0.0888559321051656,0.563230208970411,FALSE
"AT5G40270","AT5G40270","HD-domain-containing metal-dependent phosphohydrolase","elf18",90,"elf18_90_vs_mock_90",73.7154584519454,-0.733466927042248,0.601456820498967,0.185778862896291,-3.94806446550218,7.87855916350419e-05,0.000324349411333586,-1.09759349831898,-0.369340355765517,TRUE
"AT5G40270","AT5G40270","HD-domain-containing metal-dependent phosphohydrolase","elf18",180,"elf18_180_vs_mock_180",73.7154584519454,-0.337858689536524,0.791214796048094,0.165193833904502,-2.04522579052097,0.0408326029660958,0.0935410404119216,-0.661638603989347,-0.0140787750837009,FALSE
"AT5G40270","AT5G40270","HD-domain-containing metal-dependent phosphohydrolase","nlp20",0,"nlp20_0_vs_mock_0",73.7154584519454,-0.242072742767894,0.845529653476222,0.159588896934855,-1.51685203305033,0.129304046449299,1,-0.554866980760211,0.0707214952244224,FALSE
"AT5G40270","AT5G40270","HD-domain-containing metal-dependent phosphohydrolase","nlp20",5,"nlp20_5_vs_mock_5",73.7154584519454,0.182538780356418,1.13487923109099,0.172762194070785,1.05658984790172,0.290698815775342,1,-0.156075120022321,0.521152680735157,FALSE
"AT5G40270","AT5G40270","HD-domain-containing metal-dependent phosphohydrolase","nlp20",10,"nlp20_10_vs_mock_10",73.7154584519454,0.0546230442370227,1.03858769959904,0.173831849701709,0.314229206734868,0.753346961540435,1,-0.286087381178326,0.395333469652371,FALSE
"AT5G40270","AT5G40270","HD-domain-containing metal-dependent phosphohydrolase","nlp20",30,"nlp20_30_vs_mock_30",73.7154584519454,0.160714673519017,1.11784075010919,0.16585540811481,0.969004721315845,0.332542833535662,0.723540037222812,-0.16436192638601,0.485791273424044,FALSE
"AT5G40270","AT5G40270","HD-domain-containing metal-dependent phosphohydrolase","nlp20",90,"nlp20_90_vs_mock_90",73.7154584519454,-0.705017626995255,0.613434993569754,0.185588559115345,-3.7988205218894,0.000145386323375372,0.000693165895108974,-1.06877120286133,-0.34126405112918,TRUE
"AT5G40270","AT5G40270","HD-domain-containing metal-dependent phosphohydrolase","nlp20",180,"nlp20_180_vs_mock_180",73.7154584519454,-0.287686078273082,0.819214934689168,0.178386079427555,-1.61271596526071,0.106806230365195,0.211192137195515,-0.637322793951089,0.0619506374049246,FALSE
"AT5G40270","AT5G40270","HD-domain-containing metal-dependent phosphohydrolase","OGs",0,"OGs_0_vs_mock_0",73.7154584519454,-0.0897729352026292,0.939670631701746,0.167798185509263,-0.535005399076103,0.59264612387273,1,-0.418657378800785,0.239111508395526,FALSE
"AT5G40270","AT5G40270","HD-domain-containing metal-dependent phosphohydrolase","OGs",5,"OGs_5_vs_mock_5",73.7154584519454,0.106187488921565,1.07637999925955,0.16051763828582,0.661531592761696,0.508271460965934,1,-0.208427082118643,0.420802059961772,FALSE
"AT5G40270","AT5G40270","HD-domain-containing metal-dependent phosphohydrolase","OGs",10,"OGs_10_vs_mock_10",73.7154584519454,-0.0896369299700142,0.939759220172197,0.164109246351489,-0.546202800651644,0.584926541214793,1,-0.411291052818934,0.232017192878905,FALSE
"AT5G40270","AT5G40270","HD-domain-containing metal-dependent phosphohydrolase","OGs",30,"OGs_30_vs_mock_30",73.7154584519454,0.0753281297680767,1.05360064197834,0.167281451521352,0.450307724395025,0.652488570058738,0.850928566469048,-0.252543515213773,0.403199774749927,FALSE
"AT5G40270","AT5G40270","HD-domain-containing metal-dependent phosphohydrolase","OGs",90,"OGs_90_vs_mock_90",73.7154584519454,-0.372207017977758,0.772599678331185,0.176705924139911,-2.10636411761189,0.0351727356901581,0.102982300905732,-0.718550629291984,-0.0258634066635315,FALSE
"AT5G40270","AT5G40270","HD-domain-containing metal-dependent phosphohydrolase","OGs",180,"OGs_180_vs_mock_180",73.7154584519454,-0.126681648788293,0.915935778396915,0.160455610914237,-0.78951211532269,0.429812751572328,0.67605065636001,-0.441174646180197,0.18781134860361,FALSE
"AT5G40270","AT5G40270","HD-domain-containing metal-dependent phosphohydrolase","Pep1",0,"Pep1_0_vs_mock_0",73.7154584519454,-0.185148028573507,0.879558823641716,0.170063063708248,-1.08870218221599,0.276285239181001,1,-0.518471633441674,0.148175576294659,FALSE
"AT5G40270","AT5G40270","HD-domain-containing metal-dependent phosphohydrolase","Pep1",5,"Pep1_5_vs_mock_5",73.7154584519454,0.111577807352161,1.0804091830532,0.175409678083836,0.636098353129823,0.524712318865354,1,-0.232225161692158,0.455380776396479,FALSE
"AT5G40270","AT5G40270","HD-domain-containing metal-dependent phosphohydrolase","Pep1",10,"Pep1_10_vs_mock_10",73.7154584519454,0.0581721858739829,1.04114585118585,0.160904506300488,0.361532359854153,0.717701518828967,1,-0.257200646474974,0.37354501822294,FALSE
"AT5G40270","AT5G40270","HD-domain-containing metal-dependent phosphohydrolase","Pep1",30,"Pep1_30_vs_mock_30",73.7154584519454,0.0351891644947972,1.02469117053864,0.169526904848052,0.207572742074997,0.835562589455993,0.941494418010959,-0.297083569007384,0.367461897996978,FALSE
"AT5G40270","AT5G40270","HD-domain-containing metal-dependent phosphohydrolase","Pep1",90,"Pep1_90_vs_mock_90",73.7154584519454,-0.651174359022311,0.636761776235555,0.168378146987291,-3.86733296852033,0.000110032144414443,0.000488965114403914,-0.981195527117401,-0.321153190927222,TRUE
"AT5G40270","AT5G40270","HD-domain-containing metal-dependent phosphohydrolase","Pep1",180,"Pep1_180_vs_mock_180",73.7154584519454,-0.313124117807724,0.804896887826928,0.164937369416726,-1.89844253558206,0.0576378108528021,0.118511912631617,-0.636401361864507,0.0101531262490585,FALSE
"AT5G40270","AT5G40270","HD-domain-containing metal-dependent phosphohydrolase","chitooct",0,"chitooct_0_vs_mock_0",73.7154584519454,-0.167739911133664,0.890236210449958,0.172305117450013,-0.973505103133844,0.330302325170397,1,-0.505457941335691,0.169978119068362,FALSE
"AT5G40270","AT5G40270","HD-domain-containing metal-dependent phosphohydrolase","chitooct",5,"chitooct_5_vs_mock_5",73.7154584519454,0.0298920298600627,1.0209357168377,0.160643425874805,0.1860768948202,0.852384460731086,1,-0.284969084854555,0.34475314457468,FALSE
"AT5G40270","AT5G40270","HD-domain-containing metal-dependent phosphohydrolase","chitooct",10,"chitooct_10_vs_mock_10",73.7154584519454,-0.0352306027561139,0.975875762716731,0.16048587985534,-0.219524626016135,0.826241398882116,1,-0.34978292727258,0.279321721760352,FALSE
"AT5G40270","AT5G40270","HD-domain-containing metal-dependent phosphohydrolase","chitooct",30,"chitooct_30_vs_mock_30",73.7154584519454,0.224868510287137,1.1686707290424,0.166477936326421,1.35074061613923,0.176778536658049,0.572865852151103,-0.101428244912647,0.551165265486921,FALSE
"AT5G40270","AT5G40270","HD-domain-containing metal-dependent phosphohydrolase","chitooct",90,"chitooct_90_vs_mock_90",73.7154584519454,-0.402659412235656,0.756462561315269,0.162003603086178,-2.48549664677187,0.012937080599356,0.0906262731019855,-0.720186474284565,-0.0851323501867475,FALSE
"AT5G40270","AT5G40270","HD-domain-containing metal-dependent phosphohydrolase","chitooct",180,"chitooct_180_vs_mock_180",73.7154584519454,0.0492802399605784,1.03474855935923,0.16128948319913,0.305539077831481,0.7599556121207,0.992389985667273,-0.266847147109717,0.365407627030873,FALSE
"AT5G40270","AT5G40270","HD-domain-containing metal-dependent phosphohydrolase","3.OH10",0,"3.OH10_0_vs_mock_0",73.7154584519454,-0.246556292601955,0.842906029211377,0.159501204061396,-1.54579580795547,0.12215388978183,1,-0.559178652562291,0.0660660673583809,FALSE
"AT5G40270","AT5G40270","HD-domain-containing metal-dependent phosphohydrolase","3.OH10",5,"3.OH10_5_vs_mock_5",73.7154584519454,0.119987722757737,1.08672561452143,0.172462492940889,0.695732276112134,0.486596508504581,1,-0.218038763406405,0.45801420892188,FALSE
"AT5G40270","AT5G40270","HD-domain-containing metal-dependent phosphohydrolase","3.OH10",10,"3.OH10_10_vs_mock_10",73.7154584519454,-0.0434332829890211,0.970343003974181,0.162571126564499,-0.267164802919596,0.789342274655191,0.999602297317036,-0.36207269105544,0.275206125077398,FALSE
"AT5G40270","AT5G40270","HD-domain-containing metal-dependent phosphohydrolase","3.OH10",30,"3.OH10_30_vs_mock_30",73.7154584519454,0.210997827419566,1.15748847390608,0.163896273982758,1.28738635901975,0.197959656486535,0.778539009056877,-0.110238869586639,0.532234524425772,FALSE
"AT5G40270","AT5G40270","HD-domain-containing metal-dependent phosphohydrolase","3.OH10",90,"3.OH10_90_vs_mock_90",73.7154584519454,-0.0880372345430674,0.940801826028672,0.156022375382316,-0.564260314120596,0.572576985781838,0.858955436888363,-0.393841090292408,0.217766621206273,FALSE
"AT5G40270","AT5G40270","HD-domain-containing metal-dependent phosphohydrolase","3.OH10",180,"3.OH10_180_vs_mock_180",73.7154584519454,-0.221051345802932,0.857939995630548,0.162069299691295,-1.36393102348183,0.172589275687719,0.563188898366118,-0.53870717319787,0.0966044815920069,FALSE
"AT5G40290","AT5G40290","HD-domain-containing metal-dependent phosphohydrolase","flg22",0,"flg22_0_vs_mock_0",2.21367406269467,-0.0831944077282335,0.943965208276447,0.786782514704339,-0.105740031296319,0.915788617995331,1,-1.62528813654874,1.45889932109227,FALSE
"AT5G40290","AT5G40290","HD-domain-containing metal-dependent phosphohydrolase","flg22",5,"flg22_5_vs_mock_5",2.21367406269467,0.460479359744459,1.37599894103324,0.79741117305082,0.577467905274901,0.563623413560493,NA,-1.10244653943515,2.02340525892407,FALSE
"AT5G40290","AT5G40290","HD-domain-containing metal-dependent phosphohydrolase","flg22",10,"flg22_10_vs_mock_10",2.21367406269467,0.594503388434081,1.50995273275619,0.872461058974167,0.681409654126103,0.495612315863112,1,-1.11552028715529,2.30452706402345,FALSE
"AT5G40290","AT5G40290","HD-domain-containing metal-dependent phosphohydrolase","flg22",30,"flg22_30_vs_mock_30",2.21367406269467,-0.0798531319539788,0.946153961405216,0.882796154402569,-0.0904547800256553,0.927925826896006,0.98125868733855,-1.81013359458301,1.65042733067506,FALSE
"AT5G40290","AT5G40290","HD-domain-containing metal-dependent phosphohydrolase","flg22",90,"flg22_90_vs_mock_90",2.21367406269467,-0.97741470874461,0.507889055670722,0.918127287263341,-1.06457429411339,0.287068617602126,0.396365461223187,-2.77694419178076,0.822114774291539,FALSE
"AT5G40290","AT5G40290","HD-domain-containing metal-dependent phosphohydrolase","flg22",180,"flg22_180_vs_mock_180",2.21367406269467,-1.51825547349024,0.349107807377744,0.948226787943768,-1.60115226947193,0.109343197563431,0.165090953171723,-3.37677997786003,0.340269030879546,FALSE
"AT5G40290","AT5G40290","HD-domain-containing metal-dependent phosphohydrolase","elf18",0,"elf18_0_vs_mock_0",2.21367406269467,-0.930272729404321,0.524759131119325,0.804143359387917,-1.15684935844326,0.247333911865919,1,-2.50639371380464,0.645848254995995,FALSE
"AT5G40290","AT5G40290","HD-domain-containing metal-dependent phosphohydrolase","elf18",5,"elf18_5_vs_mock_5",2.21367406269467,0.232460028053449,1.17483652826691,0.811799957019228,0.28635136777661,0.774609018649187,1,-1.35866788770424,1.82358794381114,FALSE
"AT5G40290","AT5G40290","HD-domain-containing metal-dependent phosphohydrolase","elf18",10,"elf18_10_vs_mock_10",2.21367406269467,0.0841319204923401,1.06004971024759,0.867459893751132,0.0969865247931301,0.922737095654573,0.999078270031025,-1.61608947125988,1.78435331224456,FALSE
"AT5G40290","AT5G40290","HD-domain-containing metal-dependent phosphohydrolase","elf18",30,"elf18_30_vs_mock_30",2.21367406269467,0.661761685908048,1.58201325317239,0.809435806282252,0.817559194653777,0.413608935705296,0.711144444097348,-0.924732494405165,2.24825586622126,FALSE
"AT5G40290","AT5G40290","HD-domain-containing metal-dependent phosphohydrolase","elf18",90,"elf18_90_vs_mock_90",2.21367406269467,-1.04146755192682,0.485833018592555,0.987087372543587,-1.05509155612345,0.291383453471583,0.426938477268889,-2.97615880211225,0.89322369825861,FALSE
"AT5G40290","AT5G40290","HD-domain-containing metal-dependent phosphohydrolase","elf18",180,"elf18_180_vs_mock_180",2.21367406269467,-1.49558701961495,0.354636511287719,0.899265941896901,-1.66311982911326,0.0962884513919769,0.186649286795318,-3.25814826573287,0.266974226502978,FALSE
"AT5G40290","AT5G40290","HD-domain-containing metal-dependent phosphohydrolase","nlp20",0,"nlp20_0_vs_mock_0",2.21367406269467,-1.08203366199529,0.472362498869454,0.824866568992907,-1.31176811216432,0.18959838719108,1,-2.69877213722139,0.534704813230809,FALSE
"AT5G40290","AT5G40290","HD-domain-containing metal-dependent phosphohydrolase","nlp20",5,"nlp20_5_vs_mock_5",2.21367406269467,-0.02062939996001,0.985802537740256,0.906211266048983,-0.0227644487912324,0.98183816642579,1,-1.79680348141602,1.755544681496,FALSE
"AT5G40290","AT5G40290","HD-domain-containing metal-dependent phosphohydrolase","nlp20",10,"nlp20_10_vs_mock_10",2.21367406269467,-0.0283040329862155,0.980572336783756,0.954209510194383,-0.0296622834753027,0.976336392102858,NA,-1.89855467296721,1.84194660699478,FALSE
"AT5G40290","AT5G40290","HD-domain-containing metal-dependent phosphohydrolase","nlp20",30,"nlp20_30_vs_mock_30",2.21367406269467,0.323340538919704,1.25122438875824,0.827900029191192,0.390555051961513,0.696126155216929,0.926987414902623,-1.29934351829503,1.94602459613444,FALSE
"AT5G40290","AT5G40290","HD-domain-containing metal-dependent phosphohydrolase","nlp20",90,"nlp20_90_vs_mock_90",2.21367406269467,-0.490316988861445,0.711868668875822,0.903880160282253,-0.542457961139821,0.587503060094575,0.721486475525434,-2.26192210301466,1.28128812529177,FALSE
"AT5G40290","AT5G40290","HD-domain-containing metal-dependent phosphohydrolase","nlp20",180,"nlp20_180_vs_mock_180",2.21367406269467,-0.559996166728951,0.678303965989337,0.85142321607408,-0.6577177555847,0.510719510906496,0.659791361669614,-2.22878567023415,1.10879333677625,FALSE
"AT5G40290","AT5G40290","HD-domain-containing metal-dependent phosphohydrolase","OGs",0,"OGs_0_vs_mock_0",2.21367406269467,-0.510007709742416,0.702218685211995,0.815797323279212,-0.625164725586948,0.531862950646689,1,-2.10897046336967,1.08895504388484,FALSE
"AT5G40290","AT5G40290","HD-domain-containing metal-dependent phosphohydrolase","OGs",5,"OGs_5_vs_mock_5",2.21367406269467,0.119079448263979,1.08604166227329,0.82161573030499,0.144933262438605,0.884763564068236,1,-1.4912873831338,1.72944627966176,FALSE
"AT5G40290","AT5G40290","HD-domain-containing metal-dependent phosphohydrolase","OGs",10,"OGs_10_vs_mock_10",2.21367406269467,-0.640397415491609,0.641536202111338,0.968395288631881,-0.661297533155436,0.508421523161393,1,-2.5384521812101,1.25765735022688,FALSE
"AT5G40290","AT5G40290","HD-domain-containing metal-dependent phosphohydrolase","OGs",30,"OGs_30_vs_mock_30",2.21367406269467,-0.431406266357039,0.741538618476053,0.909556223736566,-0.474304122272696,0.635283052341878,0.841543783621708,-2.21413646488071,1.35132393216663,FALSE
"AT5G40290","AT5G40290","HD-domain-containing metal-dependent phosphohydrolase","OGs",90,"OGs_90_vs_mock_90",2.21367406269467,-0.799785137605774,0.57443472241679,0.939989929514447,-0.850844368108182,0.394855811578729,0.590108433426181,-2.64216539945409,1.04259512424254,FALSE
"AT5G40290","AT5G40290","HD-domain-containing metal-dependent phosphohydrolase","OGs",180,"OGs_180_vs_mock_180",2.21367406269467,-0.473961433300587,0.719984905923839,0.764397450664409,-0.620045805867906,0.53522763025215,NA,-1.97218043660283,1.02425757000166,FALSE
"AT5G40290","AT5G40290","HD-domain-containing metal-dependent phosphohydrolase","Pep1",0,"Pep1_0_vs_mock_0",2.21367406269467,-0.791948033296606,0.577563696077927,0.852463748016706,-0.929010805607989,0.352883486433172,1,-2.46277697940935,0.878880912816138,FALSE
"AT5G40290","AT5G40290","HD-domain-containing metal-dependent phosphohydrolase","Pep1",5,"Pep1_5_vs_mock_5",2.21367406269467,-0.10848401333463,0.927562234111811,0.927956023959092,-0.116906416396531,0.906934213473783,1,-1.92727782029445,1.71030979362519,FALSE
"AT5G40290","AT5G40290","HD-domain-containing metal-dependent phosphohydrolase","Pep1",10,"Pep1_10_vs_mock_10",2.21367406269467,0.298750627769212,1.23007870522962,0.851285960161828,0.350940391067203,0.725633068542832,1,-1.36976985414797,1.96727110968639,FALSE
"AT5G40290","AT5G40290","HD-domain-containing metal-dependent phosphohydrolase","Pep1",30,"Pep1_30_vs_mock_30",2.21367406269467,0.698037961505296,1.62229699794797,0.806167257529076,0.865872379442451,0.386560151438255,0.686242720042964,-0.882049863251692,2.27812578626229,FALSE
"AT5G40290","AT5G40290","HD-domain-containing metal-dependent phosphohydrolase","Pep1",90,"Pep1_90_vs_mock_90",2.21367406269467,-0.300264528851128,0.812103477499598,0.806486804376444,-0.372311769047834,0.709660737045595,0.807458054372606,-1.88097866542896,1.2804496077267,FALSE
"AT5G40290","AT5G40290","HD-domain-containing metal-dependent phosphohydrolase","Pep1",180,"Pep1_180_vs_mock_180",2.21367406269467,-0.670066337387526,0.628477788199129,0.792728277407048,-0.845266097456823,0.397962285369554,0.532603291030202,-2.22381376110534,0.883681086330289,FALSE
"AT5G40290","AT5G40290","HD-domain-containing metal-dependent phosphohydrolase","chitooct",0,"chitooct_0_vs_mock_0",2.21367406269467,-0.881648373236479,0.542746953047832,0.883094874095797,-0.998362009675575,0.318103848484167,1,-2.61251432646424,0.849217579991283,FALSE
"AT5G40290","AT5G40290","HD-domain-containing metal-dependent phosphohydrolase","chitooct",5,"chitooct_5_vs_mock_5",2.21367406269467,-0.360064939274839,0.779129508323463,0.860289219042088,-0.418539406637878,0.675552781129304,1,-2.04623180859733,1.32610193004765,FALSE
"AT5G40290","AT5G40290","HD-domain-containing metal-dependent phosphohydrolase","chitooct",10,"chitooct_10_vs_mock_10",2.21367406269467,-0.155669221639264,0.897715853647915,0.881728611888999,-0.176550039933219,0.859861839840121,NA,-1.8838573009417,1.57251885766317,FALSE
"AT5G40290","AT5G40290","HD-domain-containing metal-dependent phosphohydrolase","chitooct",30,"chitooct_30_vs_mock_30",2.21367406269467,0.706903357895584,1.63229674564728,0.805712893622245,0.877363839515533,0.380289047423613,0.796219943278495,-0.872293913604017,2.28610062939518,FALSE
"AT5G40290","AT5G40290","HD-domain-containing metal-dependent phosphohydrolase","chitooct",90,"chitooct_90_vs_mock_90",2.21367406269467,-0.590501496270716,0.664112014460647,0.825645705860012,-0.715199621435245,0.474485702939713,NA,-2.20876707975634,1.02776408721491,FALSE
"AT5G40290","AT5G40290","HD-domain-containing metal-dependent phosphohydrolase","chitooct",180,"chitooct_180_vs_mock_180",2.21367406269467,-1.67867119130557,0.312370216477803,0.953370036415214,-1.76077611754778,0.0782763035796906,NA,-3.54727646267939,0.18993408006825,FALSE
"AT5G40290","AT5G40290","HD-domain-containing metal-dependent phosphohydrolase","3.OH10",0,"3.OH10_0_vs_mock_0",2.21367406269467,-0.78782733467638,0.579215720924411,0.790276234901175,-0.996901209834431,0.318812464386185,1,-2.33676875508268,0.761114085729923,FALSE
"AT5G40290","AT5G40290","HD-domain-containing metal-dependent phosphohydrolase","3.OH10",5,"3.OH10_5_vs_mock_5",2.21367406269467,-0.576160547359609,0.67074646564258,0.969546511251305,-0.59425776966183,0.552339719331626,1,-2.47647170941217,1.32415061469295,FALSE
"AT5G40290","AT5G40290","HD-domain-containing metal-dependent phosphohydrolase","3.OH10",10,"3.OH10_10_vs_mock_10",2.21367406269467,-0.434486849031013,0.739956902461945,0.931441181033475,-0.466467295926224,0.640881051532848,NA,-2.26011156385662,1.3911378657946,FALSE
"AT5G40290","AT5G40290","HD-domain-containing metal-dependent phosphohydrolase","3.OH10",30,"3.OH10_30_vs_mock_30",2.21367406269467,-0.110878104906436,0.926024260160488,0.860936403154634,-0.128787799540311,0.897525559684971,0.991025765825575,-1.79831345508952,1.57655724527665,FALSE
"AT5G40290","AT5G40290","HD-domain-containing metal-dependent phosphohydrolase","3.OH10",90,"3.OH10_90_vs_mock_90",2.21367406269467,-0.147510269624228,0.902807138057122,0.774060639782062,-0.19056681355838,0.848864992596804,NA,-1.66466912359707,1.36964858434861,FALSE
"AT5G40290","AT5G40290","HD-domain-containing metal-dependent phosphohydrolase","3.OH10",180,"3.OH10_180_vs_mock_180",2.21367406269467,-0.611375924713904,0.654572126702561,0.778324540645863,-0.785502567099551,0.432158965792727,NA,-2.1368920243798,0.914140174951988,FALSE
"AT1G14520","AT1G14520","Myo-inositol oxygenase 1 (MIOX1)","flg22",0,"flg22_0_vs_mock_0",84.1159345815553,-0.140377482634081,0.907281733063547,0.273859864361675,-0.512588739358646,0.608239031773868,1,-0.677142816782965,0.396387851514803,FALSE
"AT1G14520","AT1G14520","Myo-inositol oxygenase 1 (MIOX1)","flg22",5,"flg22_5_vs_mock_5",84.1159345815553,-0.335399526029422,0.792564621025775,0.256311082451343,-1.30856427596373,0.190681988598717,0.940295008760825,-0.837769247634055,0.16697019557521,FALSE
"AT1G14520","AT1G14520","Myo-inositol oxygenase 1 (MIOX1)","flg22",10,"flg22_10_vs_mock_10",84.1159345815553,-0.357720462801953,0.780396675513545,0.278889031215009,-1.28266235944636,0.199610392503045,1,-0.90434296398337,0.188902038379464,FALSE
"AT1G14520","AT1G14520","Myo-inositol oxygenase 1 (MIOX1)","flg22",30,"flg22_30_vs_mock_30",84.1159345815553,0.335248030639754,1.26159428567084,0.260256169303651,1.28814633496202,0.197695028673717,0.463691689434543,-0.174854061195402,0.84535012247491,FALSE
"AT1G14520","AT1G14520","Myo-inositol oxygenase 1 (MIOX1)","flg22",90,"flg22_90_vs_mock_90",84.1159345815553,-0.866628425407212,0.548427026711772,0.2735613181956,-3.16794944228029,0.00153518215118531,0.00377734773206075,-1.40280860907059,-0.330448241743836,TRUE
"AT1G14520","AT1G14520","Myo-inositol oxygenase 1 (MIOX1)","flg22",180,"flg22_180_vs_mock_180",84.1159345815553,-2.01375054525749,0.247628531446694,0.27929608572381,-7.2100922576081,5.59139809546245e-13,3.65313031073111e-12,-2.56117087327616,-1.46633021723882,TRUE
"AT1G14520","AT1G14520","Myo-inositol oxygenase 1 (MIOX1)","elf18",0,"elf18_0_vs_mock_0",84.1159345815553,-0.123323652054559,0.918070180701398,0.253432984735254,-0.486612475417861,0.626532981005236,1,-0.620052302135656,0.373404998026538,FALSE
"AT1G14520","AT1G14520","Myo-inositol oxygenase 1 (MIOX1)","elf18",5,"elf18_5_vs_mock_5",84.1159345815553,-0.176706613085466,0.884720334042506,0.254917970157214,-0.693190099452331,0.488190260535157,1,-0.676345834593605,0.322932608422674,FALSE
"AT1G14520","AT1G14520","Myo-inositol oxygenase 1 (MIOX1)","elf18",10,"elf18_10_vs_mock_10",84.1159345815553,0.319023537095878,1.24748592407126,0.254133061927567,1.25534054749164,0.20935516163578,0.915648233149465,-0.179077264282153,0.817124338473909,FALSE
"AT1G14520","AT1G14520","Myo-inositol oxygenase 1 (MIOX1)","elf18",30,"elf18_30_vs_mock_30",84.1159345815553,0.463214028445679,1.37860965897902,0.258958767455249,1.78875592047961,0.0736541326947753,0.241417502059861,-0.0443451557666094,0.970773212657968,FALSE
"AT1G14520","AT1G14520","Myo-inositol oxygenase 1 (MIOX1)","elf18",90,"elf18_90_vs_mock_90",84.1159345815553,-1.30118052591433,0.405794009889761,0.303212437153711,-4.29131647147674,1.77616967156383e-05,8.17797524454603e-05,-1.8954769027356,-0.706884149093052,TRUE
"AT1G14520","AT1G14520","Myo-inositol oxygenase 1 (MIOX1)","elf18",180,"elf18_180_vs_mock_180",84.1159345815553,-1.04110592568661,0.485954812862298,0.258290950317509,-4.03074875216034,5.5599451738391e-05,0.000306208223109511,-1.54735618830893,-0.534855663064291,TRUE
"AT1G14520","AT1G14520","Myo-inositol oxygenase 1 (MIOX1)","nlp20",0,"nlp20_0_vs_mock_0",84.1159345815553,-0.143811515932405,0.905124707167268,0.253633252037337,-0.567005764335801,0.570710265295585,1,-0.640932689925586,0.353309658060776,FALSE
"AT1G14520","AT1G14520","Myo-inositol oxygenase 1 (MIOX1)","nlp20",5,"nlp20_5_vs_mock_5",84.1159345815553,-0.167279461978213,0.890520382724483,0.276052109841154,-0.605970597632706,0.5445342778058,1,-0.708341597266874,0.373782673310448,FALSE
"AT1G14520","AT1G14520","Myo-inositol oxygenase 1 (MIOX1)","nlp20",10,"nlp20_10_vs_mock_10",84.1159345815553,0.0267650676256689,1.01872529111874,0.276792626671792,0.0966971842693111,0.922966875980785,1,-0.515748480651043,0.569278615902381,FALSE
"AT1G14520","AT1G14520","Myo-inositol oxygenase 1 (MIOX1)","nlp20",30,"nlp20_30_vs_mock_30",84.1159345815553,0.24891025353686,1.18830918100489,0.259834872388245,0.957955532485028,0.338085181999702,0.727891550291757,-0.260366096344099,0.758186603417819,FALSE
"AT1G14520","AT1G14520","Myo-inositol oxygenase 1 (MIOX1)","nlp20",90,"nlp20_90_vs_mock_90",84.1159345815553,-0.98763671266894,0.504303200850413,0.296467943930729,-3.33134402179989,0.000864277198672249,0.00343221761136724,-1.56871388277317,-0.406559542564711,TRUE
"AT1G14520","AT1G14520","Myo-inositol oxygenase 1 (MIOX1)","nlp20",180,"nlp20_180_vs_mock_180",84.1159345815553,-1.13014622121245,0.456869417763662,0.281678830877416,-4.01218017588366,6.01605542279166e-05,0.000336724244636232,-1.68223672973219,-0.578055712692719,TRUE
"AT1G14520","AT1G14520","Myo-inositol oxygenase 1 (MIOX1)","OGs",0,"OGs_0_vs_mock_0",84.1159345815553,-0.0916293755617567,0.938462253940408,0.272355499096294,-0.336432992415403,0.736544373610894,1,-0.625446153790492,0.442187402666979,FALSE
"AT1G14520","AT1G14520","Myo-inositol oxygenase 1 (MIOX1)","OGs",5,"OGs_5_vs_mock_5",84.1159345815553,-0.00541587687481186,0.996253037662214,0.253781471680731,-0.0213407103321762,0.982973869076082,1,-0.502827561369045,0.491995807619422,FALSE
"AT1G14520","AT1G14520","Myo-inositol oxygenase 1 (MIOX1)","OGs",10,"OGs_10_vs_mock_10",84.1159345815553,0.360246562227302,1.28364525881476,0.254532778517015,1.41532483292017,0.156973277245869,0.861093957136309,-0.138637683666047,0.859130808120651,FALSE
"AT1G14520","AT1G14520","Myo-inositol oxygenase 1 (MIOX1)","OGs",30,"OGs_30_vs_mock_30",84.1159345815553,0.718331870982875,1.64527856626972,0.256499644619906,2.80051799700283,0.00510206624482307,0.0284569177969682,0.21559256752786,1.22107117443789,TRUE
"AT1G14520","AT1G14520","Myo-inositol oxygenase 1 (MIOX1)","OGs",90,"OGs_90_vs_mock_90",84.1159345815553,-0.886845801770749,0.540795179960076,0.293333571188869,-3.02333550904657,0.00250004899984618,0.0122965039506167,-1.46177960130093,-0.311912002240565,TRUE
"AT1G14520","AT1G14520","Myo-inositol oxygenase 1 (MIOX1)","OGs",180,"OGs_180_vs_mock_180",84.1159345815553,-0.985041473366995,0.505211199653802,0.256669744768087,-3.83777789726259,0.000124152696282295,0.00227065597372386,-1.48811417311245,-0.481968773621544,TRUE
"AT1G14520","AT1G14520","Myo-inositol oxygenase 1 (MIOX1)","Pep1",0,"Pep1_0_vs_mock_0",84.1159345815553,0.0935577989173909,1.06699824181951,0.271349758223497,0.344786741399386,0.730254701413424,1,-0.438287727200663,0.625403325035445,FALSE
"AT1G14520","AT1G14520","Myo-inositol oxygenase 1 (MIOX1)","Pep1",5,"Pep1_5_vs_mock_5",84.1159345815553,-0.0125123751705899,0.991364583684587,0.275425539156053,-0.045429248169686,0.963765168379441,1,-0.552346431916454,0.527321681575274,FALSE
"AT1G14520","AT1G14520","Myo-inositol oxygenase 1 (MIOX1)","Pep1",10,"Pep1_10_vs_mock_10",84.1159345815553,-0.14781711253591,0.902615142863507,0.257652152606705,-0.573708044122368,0.566165383950439,1,-0.652815331645052,0.357181106573231,FALSE
"AT1G14520","AT1G14520","Myo-inositol oxygenase 1 (MIOX1)","Pep1",30,"Pep1_30_vs_mock_30",84.1159345815553,0.327519244087605,1.25485376090448,0.260016739474573,1.2596083034863,0.207810698625146,0.494320193319291,-0.182113565282558,0.837152053457768,FALSE
"AT1G14520","AT1G14520","Myo-inositol oxygenase 1 (MIOX1)","Pep1",90,"Pep1_90_vs_mock_90",84.1159345815553,-0.224396124027009,0.855953231271658,0.261877736736539,-0.856873619053618,0.391514733849916,0.536400092685504,-0.737676488030624,0.288884239976607,FALSE
"AT1G14520","AT1G14520","Myo-inositol oxygenase 1 (MIOX1)","Pep1",180,"Pep1_180_vs_mock_180",84.1159345815553,-0.734032760282909,0.601220971949979,0.255311271810947,-2.87505034570681,0.00403963079073597,0.012939098451887,-1.23444285303237,-0.233622667533453,TRUE
"AT1G14520","AT1G14520","Myo-inositol oxygenase 1 (MIOX1)","chitooct",0,"chitooct_0_vs_mock_0",84.1159345815553,-0.155214336914841,0.897998949937725,0.274547404544841,-0.565346218341284,0.571838297847211,1,-0.693327249822729,0.382898575993048,FALSE
"AT1G14520","AT1G14520","Myo-inositol oxygenase 1 (MIOX1)","chitooct",5,"chitooct_5_vs_mock_5",84.1159345815553,-0.258497026160373,0.835958352379548,0.255027777562831,-1.01360341461897,0.31077202768479,1,-0.758351470183522,0.241357417862775,FALSE
"AT1G14520","AT1G14520","Myo-inositol oxygenase 1 (MIOX1)","chitooct",10,"chitooct_10_vs_mock_10",84.1159345815553,-0.11487613321274,0.923461593812237,0.256463456772508,-0.447923983628743,0.654208058687058,1,-0.617544508486855,0.387792242061376,FALSE
"AT1G14520","AT1G14520","Myo-inositol oxygenase 1 (MIOX1)","chitooct",30,"chitooct_30_vs_mock_30",84.1159345815553,0.140656508890657,1.10240665993569,0.261850025753493,0.537164388225311,0.591154067733309,0.91172766284324,-0.37256954158619,0.653882559367504,FALSE
"AT1G14520","AT1G14520","Myo-inositol oxygenase 1 (MIOX1)","chitooct",90,"chitooct_90_vs_mock_90",84.1159345815553,-0.280185606009709,0.823485067219003,0.261301783459996,-1.07226824975959,0.283599563274169,0.605623172819526,-0.792337101591302,0.231965889571884,FALSE
"AT1G14520","AT1G14520","Myo-inositol oxygenase 1 (MIOX1)","chitooct",180,"chitooct_180_vs_mock_180",84.1159345815553,-0.899260282038388,0.536161568757497,0.258395838620473,-3.48016549662475,0.000501104137470718,0.062412520321978,-1.40571612573452,-0.39280443834226,FALSE
"AT1G14520","AT1G14520","Myo-inositol oxygenase 1 (MIOX1)","3.OH10",0,"3.OH10_0_vs_mock_0",84.1159345815553,0.0591174100906518,1.04182821211491,0.252258579679731,0.234352425854882,0.814711388932071,1,-0.43530940608162,0.553544226262924,FALSE
"AT1G14520","AT1G14520","Myo-inositol oxygenase 1 (MIOX1)","3.OH10",5,"3.OH10_5_vs_mock_5",84.1159345815553,-0.332131286410231,0.794362109215413,0.276721802209449,-1.20023534018054,0.230047953786562,1,-0.874506018740751,0.21024344592029,FALSE
"AT1G14520","AT1G14520","Myo-inositol oxygenase 1 (MIOX1)","3.OH10",10,"3.OH10_10_vs_mock_10",84.1159345815553,0.272907535698311,1.2082404031256,0.254708319095268,1.07145120609993,0.283966599130972,0.999602297317036,-0.226320769728415,0.772135841125037,FALSE
"AT1G14520","AT1G14520","Myo-inositol oxygenase 1 (MIOX1)","3.OH10",30,"3.OH10_30_vs_mock_30",84.1159345815553,-0.202539731186545,0.869019387687454,0.263408570721139,-0.768918530752616,0.441941675952572,0.92393579052165,-0.718820529799978,0.313741067426888,FALSE
"AT1G14520","AT1G14520","Myo-inositol oxygenase 1 (MIOX1)","3.OH10",90,"3.OH10_90_vs_mock_90",84.1159345815553,-0.528945112950546,0.693061309705038,0.262873066486728,-2.01216929531749,0.0442020939951975,0.233940098673811,-1.04417632326453,-0.0137139026365599,FALSE
"AT1G14520","AT1G14520","Myo-inositol oxygenase 1 (MIOX1)","3.OH10",180,"3.OH10_180_vs_mock_180",84.1159345815553,-0.433899148844691,0.740258394727903,0.252088593454137,-1.72121690592728,0.0852114711651221,0.402124147506506,-0.927992792014799,0.0601944943254181,FALSE
"AT2G19800","AT2G19800","Myo-inositol oxygenase 2 (MIOX2)","flg22",0,"flg22_0_vs_mock_0",2353.56470184709,-0.335849526923959,0.792317445315873,0.211656161646169,-1.58676942977643,0.112564874913999,1,-0.75069560375045,0.078996549902531,FALSE
"AT2G19800","AT2G19800","Myo-inositol oxygenase 2 (MIOX2)","flg22",5,"flg22_5_vs_mock_5",2353.56470184709,0.0157187927181621,1.01095500828219,0.195976136351507,0.0802076875827803,0.936072076056434,0.995460846992039,-0.368394434530792,0.399832019967116,FALSE
"AT2G19800","AT2G19800","Myo-inositol oxygenase 2 (MIOX2)","flg22",10,"flg22_10_vs_mock_10",2353.56470184709,0.040189410336654,1.02824881580096,0.211598363934976,0.189932519275074,0.84936200957129,1,-0.374543382975899,0.454922203649207,FALSE
"AT2G19800","AT2G19800","Myo-inositol oxygenase 2 (MIOX2)","flg22",30,"flg22_30_vs_mock_30",2353.56470184709,0.819177650004822,1.76439998099726,0.19605043052983,4.17840270888964,2.93563524770413e-05,0.000283996765450385,0.434918806166355,1.20343649384329,TRUE
"AT2G19800","AT2G19800","Myo-inositol oxygenase 2 (MIOX2)","flg22",90,"flg22_90_vs_mock_90",2353.56470184709,1.37717035519297,2.59758391323313,0.196448257168443,7.01034651588751,2.37728604548605e-12,1.58450241240011e-11,0.992131771142818,1.76220893924311,TRUE
"AT2G19800","AT2G19800","Myo-inositol oxygenase 2 (MIOX2)","flg22",180,"flg22_180_vs_mock_180",2353.56470184709,1.43882078690002,2.71099187041249,0.196127002637201,7.33616874552238,2.19794871099824e-13,1.4864201868636e-12,1.05441186173111,1.82322971206893,TRUE
"AT2G19800","AT2G19800","Myo-inositol oxygenase 2 (MIOX2)","elf18",0,"elf18_0_vs_mock_0",2353.56470184709,-0.039949448000527,0.972689029815328,0.19583375472865,-0.203996742317899,0.838356044638845,1,-0.423783607268681,0.343884711267627,FALSE
"AT2G19800","AT2G19800","Myo-inositol oxygenase 2 (MIOX2)","elf18",5,"elf18_5_vs_mock_5",2353.56470184709,0.148077009631912,1.10809149511245,0.195923669748615,0.755789281723369,0.449775544001505,1,-0.235933383075373,0.532087402339198,FALSE
"AT2G19800","AT2G19800","Myo-inositol oxygenase 2 (MIOX2)","elf18",10,"elf18_10_vs_mock_10",2353.56470184709,0.0720458870335042,1.05120634371681,0.195953632728253,0.367668034679493,0.713120778158736,0.984824479444155,-0.312023233113872,0.456115007180881,FALSE
"AT2G19800","AT2G19800","Myo-inositol oxygenase 2 (MIOX2)","elf18",30,"elf18_30_vs_mock_30",2353.56470184709,1.06878018249407,2.09765901912792,0.195965938514965,5.45390791171829,4.92747267067659e-08,6.41667690394782e-07,0.684686943004737,1.4528734219834,TRUE
"AT2G19800","AT2G19800","Myo-inositol oxygenase 2 (MIOX2)","elf18",90,"elf18_90_vs_mock_90",2353.56470184709,0.429972341523898,1.34720774876658,0.212524240322602,2.02316846714154,0.0430557815145303,0.0910661892350317,0.0134248304915988,0.846519852556198,FALSE
"AT2G19800","AT2G19800","Myo-inositol oxygenase 2 (MIOX2)","elf18",180,"elf18_180_vs_mock_180",2353.56470184709,-0.0400048663899108,0.972651666531638,0.196645668133639,-0.203436296205233,0.838794032642484,0.900513341719989,-0.425430375931843,0.345420643152021,FALSE
"AT2G19800","AT2G19800","Myo-inositol oxygenase 2 (MIOX2)","nlp20",0,"nlp20_0_vs_mock_0",2353.56470184709,-0.129381382023145,0.914223379060754,0.195865727357748,-0.660561619271092,0.508893489557898,1,-0.513278207644331,0.254515443598042,FALSE
"AT2G19800","AT2G19800","Myo-inositol oxygenase 2 (MIOX2)","nlp20",5,"nlp20_5_vs_mock_5",2353.56470184709,0.25047361133573,1.18959757481042,0.2115976315796,1.18372596831976,0.236521555919379,1,-0.164257746560287,0.665204969231747,FALSE
"AT2G19800","AT2G19800","Myo-inositol oxygenase 2 (MIOX2)","nlp20",10,"nlp20_10_vs_mock_10",2353.56470184709,0.148090491309111,1.10810185003932,0.211626451736768,0.699773067562055,0.484069036794629,1,-0.266697354094954,0.562878336713176,FALSE
"AT2G19800","AT2G19800","Myo-inositol oxygenase 2 (MIOX2)","nlp20",30,"nlp20_30_vs_mock_30",2353.56470184709,0.684509154072216,1.60715508853898,0.196050843463559,3.49148793231001,0.000480338163851927,0.00586999978822901,0.30024950088364,1.06876880726079,TRUE
"AT2G19800","AT2G19800","Myo-inositol oxygenase 2 (MIOX2)","nlp20",90,"nlp20_90_vs_mock_90",2353.56470184709,0.333130599390475,1.25974401260789,0.212615522616522,1.56682162850037,0.117156390414725,0.22287850869393,-0.0835958249379079,0.749857023718858,FALSE
"AT2G19800","AT2G19800","Myo-inositol oxygenase 2 (MIOX2)","nlp20",180,"nlp20_180_vs_mock_180",2353.56470184709,0.218818510353473,1.16378012277463,0.212230442065543,1.03104205138439,0.302521100480999,0.458772324680554,-0.197153156094992,0.634790176801938,FALSE
"AT2G19800","AT2G19800","Myo-inositol oxygenase 2 (MIOX2)","OGs",0,"OGs_0_vs_mock_0",2353.56470184709,0.0106466954745467,1.00740702424293,0.211444272560782,0.050352252844712,0.959841684796637,1,-0.403784078744586,0.42507746969368,FALSE
"AT2G19800","AT2G19800","Myo-inositol oxygenase 2 (MIOX2)","OGs",5,"OGs_5_vs_mock_5",2353.56470184709,-0.0809832666655387,0.945413082215458,0.196008090928382,-0.413162876501505,0.679487284931034,1,-0.465159124885167,0.303192591554089,FALSE
"AT2G19800","AT2G19800","Myo-inositol oxygenase 2 (MIOX2)","OGs",10,"OGs_10_vs_mock_10",2353.56470184709,0.22870843790565,1.17178544724371,0.195935588160593,1.16726338513958,0.243104020363218,0.941935961008188,-0.155325314889113,0.612742190700413,FALSE
"AT2G19800","AT2G19800","Myo-inositol oxygenase 2 (MIOX2)","OGs",30,"OGs_30_vs_mock_30",2353.56470184709,1.22672683398469,2.34035410839303,0.195902810760508,6.26191543256809,3.80277164393922e-10,6.02029149413992e-09,0.842757324894096,1.61069634307529,TRUE
"AT2G19800","AT2G19800","Myo-inositol oxygenase 2 (MIOX2)","OGs",90,"OGs_90_vs_mock_90",2353.56470184709,0.51556765709389,1.42955651657451,0.21244635651142,2.42681336390052,0.0152320895265568,0.0536672620506713,0.0991727983315063,0.931962515856274,FALSE
"AT2G19800","AT2G19800","Myo-inositol oxygenase 2 (MIOX2)","OGs",180,"OGs_180_vs_mock_180",2353.56470184709,0.142328235460766,1.10368481686445,0.196486057638573,0.724368116350386,0.468839768647197,0.707122599893734,-0.242784437510836,0.527440908432369,FALSE
"AT2G19800","AT2G19800","Myo-inositol oxygenase 2 (MIOX2)","Pep1",0,"Pep1_0_vs_mock_0",2353.56470184709,0.0239740318125474,1.01675637174039,0.211456218252097,0.113375865749976,0.909732572667011,1,-0.390480155961562,0.438428219586657,FALSE
"AT2G19800","AT2G19800","Myo-inositol oxygenase 2 (MIOX2)","Pep1",5,"Pep1_5_vs_mock_5",2353.56470184709,-0.0183712272613747,0.987346769494001,0.211759209942296,-0.0867552691870204,0.930866043523655,1,-0.433419278748275,0.396676824225526,FALSE
"AT2G19800","AT2G19800","Myo-inositol oxygenase 2 (MIOX2)","Pep1",10,"Pep1_10_vs_mock_10",2353.56470184709,0.0429864739880891,1.03024429450188,0.195974157213618,0.21934766603554,0.826379233720308,1,-0.341122874150601,0.42709582212678,FALSE
"AT2G19800","AT2G19800","Myo-inositol oxygenase 2 (MIOX2)","Pep1",30,"Pep1_30_vs_mock_30",2353.56470184709,0.934924348809187,1.9117903832236,0.196002585434626,4.76995926730273,1.84263175211007e-06,2.23861615950871e-05,0.550759281357321,1.31908941626105,TRUE
"AT2G19800","AT2G19800","Myo-inositol oxygenase 2 (MIOX2)","Pep1",90,"Pep1_90_vs_mock_90",2353.56470184709,0.429074174980226,1.34636928996819,0.196791077110136,2.18035381116437,0.0292312451214414,0.0665730579643487,0.0433636638443605,0.814784686116092,FALSE
"AT2G19800","AT2G19800","Myo-inositol oxygenase 2 (MIOX2)","Pep1",180,"Pep1_180_vs_mock_180",2353.56470184709,-0.0474124576163194,0.967670336361196,0.196663033016302,-0.241084747291521,0.809489434076848,0.874262678451319,-0.432872002328272,0.338047087095633,FALSE
"AT2G19800","AT2G19800","Myo-inositol oxygenase 2 (MIOX2)","chitooct",0,"chitooct_0_vs_mock_0",2353.56470184709,-0.0030980536462469,0.99785489687909,0.211527336741914,-0.0146461147479338,0.988314508941575,1,-0.417691633660398,0.411495526367905,FALSE
"AT2G19800","AT2G19800","Myo-inositol oxygenase 2 (MIOX2)","chitooct",5,"chitooct_5_vs_mock_5",2353.56470184709,0.123958583424644,1.08972082829583,0.195907903284276,0.632739064359092,0.526904055237329,1,-0.260020907012537,0.507938073861826,FALSE
"AT2G19800","AT2G19800","Myo-inositol oxygenase 2 (MIOX2)","chitooct",10,"chitooct_10_vs_mock_10",2353.56470184709,-0.0710202930367828,0.951964518012156,0.195974731885945,-0.362395153463539,0.717056760703306,1,-0.455130767533235,0.313090181459669,FALSE
"AT2G19800","AT2G19800","Myo-inositol oxygenase 2 (MIOX2)","chitooct",30,"chitooct_30_vs_mock_30",2353.56470184709,0.703088757975713,1.62798652460146,0.196085172160003,3.58562939885124,0.00033626621479487,0.00423687673635428,0.318761820542107,1.08741569540932,TRUE
"AT2G19800","AT2G19800","Myo-inositol oxygenase 2 (MIOX2)","chitooct",90,"chitooct_90_vs_mock_90",2353.56470184709,-0.275535670264692,0.826143515489395,0.197218310262782,-1.39710998384256,0.162380499986438,0.451924314220656,-0.662083558379745,0.111012217850361,FALSE
"AT2G19800","AT2G19800","Myo-inositol oxygenase 2 (MIOX2)","chitooct",180,"chitooct_180_vs_mock_180",2353.56470184709,0.0183870748954615,1.01282651212371,0.196712037256086,0.0934720373594861,0.92552856337293,0.995759050042565,-0.367168518126466,0.403942667917389,FALSE
"AT2G19800","AT2G19800","Myo-inositol oxygenase 2 (MIOX2)","3.OH10",0,"3.OH10_0_vs_mock_0",2353.56470184709,0.00261462575919866,1.0018139637185,0.195819526516282,0.0133522218428061,0.989346784885928,1,-0.381191646212715,0.386420897731112,FALSE
"AT2G19800","AT2G19800","Myo-inositol oxygenase 2 (MIOX2)","3.OH10",5,"3.OH10_5_vs_mock_5",2353.56470184709,-0.0217049095089693,0.98506790920574,0.211669614787694,-0.102541451359183,0.918326912803847,1,-0.436577354492849,0.39316753547491,FALSE
"AT2G19800","AT2G19800","Myo-inositol oxygenase 2 (MIOX2)","3.OH10",10,"3.OH10_10_vs_mock_10",2353.56470184709,0.156129361560956,1.11429356125638,0.195939812588047,0.796823062647356,0.425553798946385,0.999602297317036,-0.227912671111615,0.540171394233528,FALSE
"AT2G19800","AT2G19800","Myo-inositol oxygenase 2 (MIOX2)","3.OH10",30,"3.OH10_30_vs_mock_30",2353.56470184709,0.120945267378095,1.08744713476111,0.196245928139161,0.616294404296282,0.537700231339209,0.939927882369613,-0.26369675177466,0.50558728653085,FALSE
"AT2G19800","AT2G19800","Myo-inositol oxygenase 2 (MIOX2)","3.OH10",90,"3.OH10_90_vs_mock_90",2353.56470184709,-0.217037998078684,0.860329970717623,0.197088946297018,-1.10121852166992,0.27080156248041,0.64068265591729,-0.60333233282084,0.169256336663472,FALSE
"AT2G19800","AT2G19800","Myo-inositol oxygenase 2 (MIOX2)","3.OH10",180,"3.OH10_180_vs_mock_180",2353.56470184709,0.370638971315964,1.29292534198683,0.196384939293016,1.8873085311443,0.0591188396579447,0.332279866123817,-0.0142755096983466,0.755553452330274,FALSE
"AT2G23820","AT2G23820","Metal-dependent phosphohydrolase","flg22",0,"flg22_0_vs_mock_0",298.670853350766,-0.259028522152663,0.835650437907852,0.168285204825985,-1.53922338223679,0.123749771173397,1,-0.588867523611593,0.0708104793062665,FALSE
"AT2G23820","AT2G23820","Metal-dependent phosphohydrolase","flg22",5,"flg22_5_vs_mock_5",298.670853350766,-0.0676492219744168,0.95419152523542,0.154995507617152,-0.43645924333184,0.662503563624338,0.973186853645574,-0.371440416904035,0.236141972955202,FALSE
"AT2G23820","AT2G23820","Metal-dependent phosphohydrolase","flg22",10,"flg22_10_vs_mock_10",298.670853350766,0.0104399431142263,1.00726266327244,0.167265727828657,0.0624153151380822,0.950232099022339,1,-0.317400883429941,0.338280769658394,FALSE
"AT2G23820","AT2G23820","Metal-dependent phosphohydrolase","flg22",30,"flg22_30_vs_mock_30",298.670853350766,-0.0463107232191322,0.968409593685342,0.155373570212435,-0.298060494817836,0.765656992464384,0.926099354982197,-0.350842920835506,0.258221474397241,FALSE
"AT2G23820","AT2G23820","Metal-dependent phosphohydrolase","flg22",90,"flg22_90_vs_mock_90",298.670853350766,-0.253088616970694,0.839098094255916,0.159207079875367,-1.5896819234975,0.111906520290584,0.178787134930415,-0.565134493526413,0.0589572595850249,FALSE
"AT2G23820","AT2G23820","Metal-dependent phosphohydrolase","flg22",180,"flg22_180_vs_mock_180",298.670853350766,-0.282528533146581,0.822148818278295,0.158901270090406,-1.77801305795629,0.0754017102887976,0.118991410430034,-0.593975022523776,0.0289179562306139,FALSE
"AT2G23820","AT2G23820","Metal-dependent phosphohydrolase","elf18",0,"elf18_0_vs_mock_0",298.670853350766,-0.0958136375786903,0.935744366287986,0.155130851907709,-0.617631092722238,0.536818543918423,1,-0.399870107317801,0.20824283216042,FALSE
"AT2G23820","AT2G23820","Metal-dependent phosphohydrolase","elf18",5,"elf18_5_vs_mock_5",298.670853350766,-0.16364670046682,0.892765572794615,0.155259462637193,-1.05402078357843,0.291873401816325,1,-0.467955247235718,0.140661846302078,FALSE
"AT2G23820","AT2G23820","Metal-dependent phosphohydrolase","elf18",10,"elf18_10_vs_mock_10",298.670853350766,-0.0320016631346899,0.978062345939233,0.155575980607533,-0.205697968347823,0.837026845648993,0.995034569206645,-0.336930585125455,0.272927258856075,FALSE
"AT2G23820","AT2G23820","Metal-dependent phosphohydrolase","elf18",30,"elf18_30_vs_mock_30",298.670853350766,-0.0941192301985285,0.936844019064732,0.15545522222045,-0.605442704684819,0.544884883382777,0.806248076544254,-0.39881146575061,0.210573005353553,FALSE
"AT2G23820","AT2G23820","Metal-dependent phosphohydrolase","elf18",90,"elf18_90_vs_mock_90",298.670853350766,-0.143697481995969,0.905196253134835,0.170401664115376,-0.843286846651179,0.39906803733137,0.540135488924494,-0.477684743662106,0.190289779670168,FALSE
"AT2G23820","AT2G23820","Metal-dependent phosphohydrolase","elf18",180,"elf18_180_vs_mock_180",298.670853350766,-0.197120598620516,0.872289785757287,0.157153901885081,-1.25431565017495,0.209727297718598,0.341016769285052,-0.505142246315275,0.110901049074243,FALSE
"AT2G23820","AT2G23820","Metal-dependent phosphohydrolase","nlp20",0,"nlp20_0_vs_mock_0",298.670853350766,-0.00299129270879225,0.997928741914284,0.154833964906262,-0.0193193574200803,0.984586341821906,1,-0.306465863925065,0.300483278507481,FALSE
"AT2G23820","AT2G23820","Metal-dependent phosphohydrolase","nlp20",5,"nlp20_5_vs_mock_5",298.670853350766,-0.126627486948476,0.915970165219305,0.167913575242983,-0.754122987169069,0.450775375562246,1,-0.455738094424722,0.20248312052777,FALSE
"AT2G23820","AT2G23820","Metal-dependent phosphohydrolase","nlp20",10,"nlp20_10_vs_mock_10",298.670853350766,-0.0146456559613871,0.989899758384534,0.168097710854472,-0.087125850119793,0.930571478087014,1,-0.344117169236153,0.314825857313379,FALSE
"AT2G23820","AT2G23820","Metal-dependent phosphohydrolase","nlp20",30,"nlp20_30_vs_mock_30",298.670853350766,-0.0897363322801411,0.939694472587479,0.155019962515646,-0.57886952637525,0.562677213681392,0.874311781205085,-0.393575458810808,0.214102794250525,FALSE
"AT2G23820","AT2G23820","Metal-dependent phosphohydrolase","nlp20",90,"nlp20_90_vs_mock_90",298.670853350766,-0.302216982067224,0.811005170814202,0.171506781577698,-1.76212846679948,0.0780475946228771,0.161757948477067,-0.638370273959513,0.0339363098250653,FALSE
"AT2G23820","AT2G23820","Metal-dependent phosphohydrolase","nlp20",180,"nlp20_180_vs_mock_180",298.670853350766,-0.318502233800619,0.801901958088394,0.170641975801573,-1.86649405754058,0.0619722746893434,0.137895873295204,-0.652960506371703,0.0159560387704644,FALSE
"AT2G23820","AT2G23820","Metal-dependent phosphohydrolase","OGs",0,"OGs_0_vs_mock_0",298.670853350766,-0.109284891078248,0.927047462954624,0.167010863185341,-0.654357980037316,0.512881199576259,1,-0.436626182921515,0.218056400765019,FALSE
"AT2G23820","AT2G23820","Metal-dependent phosphohydrolase","OGs",5,"OGs_5_vs_mock_5",298.670853350766,-0.0719578913733491,0.951346043316228,0.154965686430609,-0.464347256678468,0.642398971774457,1,-0.375690636777343,0.231774854030645,FALSE
"AT2G23820","AT2G23820","Metal-dependent phosphohydrolase","OGs",10,"OGs_10_vs_mock_10",298.670853350766,0.0568129775893652,1.04016541691906,0.155639126801341,0.36503017433323,0.71508888222572,1,-0.248239710941263,0.361865666119994,FALSE
"AT2G23820","AT2G23820","Metal-dependent phosphohydrolase","OGs",30,"OGs_30_vs_mock_30",298.670853350766,-0.00855359555213909,0.994088640606895,0.154774886195679,-0.0552647510354162,0.955927543828994,0.984835894565248,-0.311912372495671,0.294805181391392,FALSE
"AT2G23820","AT2G23820","Metal-dependent phosphohydrolase","OGs",90,"OGs_90_vs_mock_90",298.670853350766,-0.283759543268703,0.821447601579885,0.171058709957956,-1.65884299804697,0.0971474333935377,0.222575201843751,-0.619034614786297,0.0515155282488909,FALSE
"AT2G23820","AT2G23820","Metal-dependent phosphohydrolase","OGs",180,"OGs_180_vs_mock_180",298.670853350766,-0.155213393188433,0.897999537356116,0.156564970341696,-0.991367308087412,0.321506257545584,0.579527734513367,-0.462080735058158,0.151653948681292,FALSE
"AT2G23820","AT2G23820","Metal-dependent phosphohydrolase","Pep1",0,"Pep1_0_vs_mock_0",298.670853350766,-0.126567233624227,0.916008420982521,0.16727471953285,-0.756642928337842,0.449263815331401,1,-0.454425683908614,0.20129121666016,FALSE
"AT2G23820","AT2G23820","Metal-dependent phosphohydrolase","Pep1",5,"Pep1_5_vs_mock_5",298.670853350766,-0.103843643226387,0.930550503679606,0.168209215947015,-0.617348119969226,0.537005133704928,1,-0.433533706482536,0.225846420029762,FALSE
"AT2G23820","AT2G23820","Metal-dependent phosphohydrolase","Pep1",10,"Pep1_10_vs_mock_10",298.670853350766,-0.170024811817957,0.88882739476679,0.156205762848364,-1.08846695997386,0.27638901481902,1,-0.476188107000751,0.136138483364837,FALSE
"AT2G23820","AT2G23820","Metal-dependent phosphohydrolase","Pep1",30,"Pep1_30_vs_mock_30",298.670853350766,-0.20553730883044,0.867215646320559,0.155890641391526,-1.31847112177969,0.187345986026343,0.46434983537982,-0.511082965957832,0.100008348296951,FALSE
"AT2G23820","AT2G23820","Metal-dependent phosphohydrolase","Pep1",90,"Pep1_90_vs_mock_90",298.670853350766,-0.104616160756704,0.93005235672147,0.157427393882615,-0.664535937339535,0.506347355852594,0.643233023895549,-0.413173852766629,0.203941531253222,FALSE
"AT2G23820","AT2G23820","Metal-dependent phosphohydrolase","Pep1",180,"Pep1_180_vs_mock_180",298.670853350766,-0.0288969276084833,0.980169440396773,0.156509850974378,-0.184633283007942,0.85351667866827,0.905483262162416,-0.335656235518265,0.277862380301298,FALSE
"AT2G23820","AT2G23820","Metal-dependent phosphohydrolase","chitooct",0,"chitooct_0_vs_mock_0",298.670853350766,-0.144449413744506,0.904724588343016,0.168034023758656,-0.859643841844648,0.389985399942656,1,-0.473796100311473,0.18489727282246,FALSE
"AT2G23820","AT2G23820","Metal-dependent phosphohydrolase","chitooct",5,"chitooct_5_vs_mock_5",298.670853350766,-0.0627525816673363,0.957435641762726,0.154688639673907,-0.405670266411434,0.684984892165463,1,-0.365942315428194,0.240437152093522,FALSE
"AT2G23820","AT2G23820","Metal-dependent phosphohydrolase","chitooct",10,"chitooct_10_vs_mock_10",298.670853350766,-0.0710615476598617,0.951937296475551,0.155408226350614,-0.457257310816616,0.647486109451379,1,-0.375661671307065,0.233538575987342,FALSE
"AT2G23820","AT2G23820","Metal-dependent phosphohydrolase","chitooct",30,"chitooct_30_vs_mock_30",298.670853350766,-0.113652914336544,0.924244901879342,0.155562388585784,-0.73059378536008,0.465027309111978,0.85228581871325,-0.41855519596468,0.191249367291593,FALSE
"AT2G23820","AT2G23820","Metal-dependent phosphohydrolase","chitooct",90,"chitooct_90_vs_mock_90",298.670853350766,0.0573124355590604,1.04052558232554,0.156290129322416,0.366705407485003,0.713838772564377,0.895690294824845,-0.249016217912875,0.363641089030996,FALSE
"AT2G23820","AT2G23820","Metal-dependent phosphohydrolase","chitooct",180,"chitooct_180_vs_mock_180",298.670853350766,0.00195685022447263,1.00135730552235,0.156956786385209,0.0124674457826249,0.990052675195457,0.999778923896193,-0.305678451090537,0.309592151539483,FALSE
"AT2G23820","AT2G23820","Metal-dependent phosphohydrolase","3.OH10",0,"3.OH10_0_vs_mock_0",298.670853350766,-0.169061125772695,0.889421308708495,0.155407127042125,-1.08785954023118,0.276657119921327,1,-0.473659094775261,0.13553684322987,FALSE
"AT2G23820","AT2G23820","Metal-dependent phosphohydrolase","3.OH10",5,"3.OH10_5_vs_mock_5",298.670853350766,-0.216037735155136,0.860926669632323,0.167876055976138,-1.28688831709177,0.198133217926381,1,-0.545074804868367,0.112999334558095,FALSE
"AT2G23820","AT2G23820","Metal-dependent phosphohydrolase","3.OH10",10,"3.OH10_10_vs_mock_10",298.670853350766,-0.0596110974932805,0.959522739821528,0.155847983488124,-0.382495147894056,0.702094127225922,0.999602297317036,-0.365073145130004,0.245850950143443,FALSE
"AT2G23820","AT2G23820","Metal-dependent phosphohydrolase","3.OH10",30,"3.OH10_30_vs_mock_30",298.670853350766,-0.143614530591324,0.905248301181898,0.154930834237041,-0.926958996242129,0.353947824056978,0.889268529275084,-0.447278965695924,0.160049904513277,FALSE
"AT2G23820","AT2G23820","Metal-dependent phosphohydrolase","3.OH10",90,"3.OH10_90_vs_mock_90",298.670853350766,-0.195503475809086,0.873268087158278,0.156902491050766,-1.24601894144454,0.212757441362945,0.570412509278275,-0.503032358268587,0.112025406650415,FALSE
"AT2G23820","AT2G23820","Metal-dependent phosphohydrolase","3.OH10",180,"3.OH10_180_vs_mock_180",298.670853350766,-0.11811809149444,0.921388763031466,0.156489612274606,-0.754798288382029,0.450370021041142,0.811459298833236,-0.424837731552667,0.188601548563787,FALSE
"AT1G26160","AT1G26160","Metal-dependent phosphohydrolase","flg22",0,"flg22_0_vs_mock_0",240.615998271296,-0.0854139852319194,0.942514040165228,0.131092838182615,-0.651553406090242,0.514689313964336,1,-0.342355948069844,0.171527977606005,FALSE
"AT1G26160","AT1G26160","Metal-dependent phosphohydrolase","flg22",5,"flg22_5_vs_mock_5",240.615998271296,0.156355510928123,1.11446824580749,0.122050186896468,1.28107555509731,0.200167129044498,0.940409016611253,-0.0828628553889546,0.395573877245201,FALSE
"AT1G26160","AT1G26160","Metal-dependent phosphohydrolase","flg22",10,"flg22_10_vs_mock_10",240.615998271296,-0.0567628350348716,0.961418963280235,0.130139913833609,-0.436167762547052,0.662715015618188,1,-0.311837066148746,0.198311396079003,FALSE
"AT1G26160","AT1G26160","Metal-dependent phosphohydrolase","flg22",30,"flg22_30_vs_mock_30",240.615998271296,-0.152617581321526,0.89961674414082,0.122352548769006,-1.24735923245587,0.212265807680609,0.484806633658859,-0.392428576908777,0.0871934142657252,FALSE
"AT1G26160","AT1G26160","Metal-dependent phosphohydrolase","flg22",90,"flg22_90_vs_mock_90",240.615998271296,-0.430749792977899,0.741876119556094,0.129152530625066,-3.33520211251903,0.000852374228590878,0.00219363589171891,-0.683888753003028,-0.177610832952769,TRUE
"AT1G26160","AT1G26160","Metal-dependent phosphohydrolase","flg22",180,"flg22_180_vs_mock_180",240.615998271296,0.0731048580972159,1.05197823640684,0.122384246604688,0.597338792576394,0.550281209675025,0.640803412577034,-0.166768265247972,0.312977981442404,FALSE
"AT1G26160","AT1G26160","Metal-dependent phosphohydrolase","elf18",0,"elf18_0_vs_mock_0",240.615998271296,-0.0512075297247129,0.965128182505931,0.121237180423462,-0.422374799099196,0.67275146929025,1,-0.288832403354699,0.186417343905273,FALSE
"AT1G26160","AT1G26160","Metal-dependent phosphohydrolase","elf18",5,"elf18_5_vs_mock_5",240.615998271296,0.11645453490897,1.08406745889659,0.122147824761644,0.953390165860233,0.340392422213564,1,-0.122955201623851,0.355864271441791,FALSE
"AT1G26160","AT1G26160","Metal-dependent phosphohydrolase","elf18",10,"elf18_10_vs_mock_10",240.615998271296,-0.086869178922615,0.941563840041883,0.121534813021349,-0.714767865791304,0.474752494466783,0.977166259291266,-0.32507741244446,0.15133905459923,FALSE
"AT1G26160","AT1G26160","Metal-dependent phosphohydrolase","elf18",30,"elf18_30_vs_mock_30",240.615998271296,-0.263723743152157,0.832935251596167,0.122962922832404,-2.14474198463554,0.0319734820585482,0.129966283552802,-0.504731071903669,-0.0227164144006451,FALSE
"AT1G26160","AT1G26160","Metal-dependent phosphohydrolase","elf18",90,"elf18_90_vs_mock_90",240.615998271296,-0.230964770414352,0.852064901639022,0.135958620485457,-1.69878724563153,0.0893592776339061,0.167980726481524,-0.497443666565847,0.0355141257371435,FALSE
"AT1G26160","AT1G26160","Metal-dependent phosphohydrolase","elf18",180,"elf18_180_vs_mock_180",240.615998271296,0.129376325610388,1.09382074236087,0.120445080858726,1.07415200926419,0.282754557488518,0.426780437225327,-0.106696032872714,0.36544868409349,FALSE
"AT1G26160","AT1G26160","Metal-dependent phosphohydrolase","nlp20",0,"nlp20_0_vs_mock_0",240.615998271296,0.0568741808916822,1.04020954468483,0.120688258755189,0.471248665597614,0.637463169574765,1,-0.179674806268488,0.293423168051852,FALSE
"AT1G26160","AT1G26160","Metal-dependent phosphohydrolase","nlp20",5,"nlp20_5_vs_mock_5",240.615998271296,0.120110195720468,1.08681787251871,0.132238643135851,0.908283636857016,0.363728385467595,1,-0.139077544825801,0.379297936266737,FALSE
"AT1G26160","AT1G26160","Metal-dependent phosphohydrolase","nlp20",10,"nlp20_10_vs_mock_10",240.615998271296,-0.00954651700455844,0.99340470372339,0.131006740828943,-0.0728704259349785,0.941909228042456,1,-0.266319729029287,0.247226695020171,FALSE
"AT1G26160","AT1G26160","Metal-dependent phosphohydrolase","nlp20",30,"nlp20_30_vs_mock_30",240.615998271296,0.000502488095206897,1.00034835886932,0.120450923338789,0.0041717247263731,0.996671454903514,0.999661897193793,-0.235581321648819,0.236586297839233,FALSE
"AT1G26160","AT1G26160","Metal-dependent phosphohydrolase","nlp20",90,"nlp20_90_vs_mock_90",240.615998271296,-0.193427638594593,0.874525502706372,0.135808976568606,-1.42426254494953,0.15437048554486,0.275822100951934,-0.459613232669061,0.0727579554798744,FALSE
"AT1G26160","AT1G26160","Metal-dependent phosphohydrolase","nlp20",180,"nlp20_180_vs_mock_180",240.615998271296,0.0917519024586328,1.06566346017706,0.130326648374445,0.704014901043246,0.481423493932913,0.634493952886507,-0.163688328355279,0.347192133272545,FALSE
"AT1G26160","AT1G26160","Metal-dependent phosphohydrolase","OGs",0,"OGs_0_vs_mock_0",240.615998271296,-0.0394074712840937,0.973054508191374,0.129872403617838,-0.303432216439559,0.761560497072654,1,-0.293957382375057,0.215142439806869,FALSE
"AT1G26160","AT1G26160","Metal-dependent phosphohydrolase","OGs",5,"OGs_5_vs_mock_5",240.615998271296,0.0773586768278817,1.05508459519791,0.122417579767072,0.631924573048045,0.52743616544568,1,-0.162579779515579,0.317297133171342,FALSE
"AT1G26160","AT1G26160","Metal-dependent phosphohydrolase","OGs",10,"OGs_10_vs_mock_10",240.615998271296,0.0132983558091136,1.00926033183017,0.121581373766431,0.109378232842318,0.912902497827875,1,-0.225001136773091,0.251597848391318,FALSE
"AT1G26160","AT1G26160","Metal-dependent phosphohydrolase","OGs",30,"OGs_30_vs_mock_30",240.615998271296,-0.0128241010586443,0.991150400775451,0.120599617974384,-0.10633616651562,0.915315637518303,0.970860432615567,-0.249199352288438,0.223551150171149,FALSE
"AT1G26160","AT1G26160","Metal-dependent phosphohydrolase","OGs",90,"OGs_90_vs_mock_90",240.615998271296,-0.163761890906901,0.892694293729451,0.135005002367154,-1.21300609633368,0.225127489721252,0.406125455819497,-0.428371695546522,0.100847913732721,FALSE
"AT1G26160","AT1G26160","Metal-dependent phosphohydrolase","OGs",180,"OGs_180_vs_mock_180",240.615998271296,0.177593867694826,1.13099603194257,0.119691377400709,1.48376492569108,0.13787129510368,0.356032444774606,-0.0570012320105637,0.412188967400216,FALSE
"AT1G26160","AT1G26160","Metal-dependent phosphohydrolase","Pep1",0,"Pep1_0_vs_mock_0",240.615998271296,-0.020738096230798,0.985728267696997,0.130068184204458,-0.159440191755112,0.87332207545631,1,-0.275671737271535,0.234195544809939,FALSE
"AT1G26160","AT1G26160","Metal-dependent phosphohydrolase","Pep1",5,"Pep1_5_vs_mock_5",240.615998271296,0.0933156945069156,1.06681919961105,0.133112034774289,0.701031237822679,0.483283520818401,1,-0.167583893650692,0.354215282664523,FALSE
"AT1G26160","AT1G26160","Metal-dependent phosphohydrolase","Pep1",10,"Pep1_10_vs_mock_10",240.615998271296,-0.193144579939745,0.874697102587866,0.122391599033674,-1.57808690681951,0.114545645725215,1,-0.433032114045746,0.0467429541662562,FALSE
"AT1G26160","AT1G26160","Metal-dependent phosphohydrolase","Pep1",30,"Pep1_30_vs_mock_30",240.615998271296,-0.23423577776615,0.850135212223147,0.122685052828299,-1.9092446257,0.0562305419708486,0.208791496457955,-0.474698481309616,0.00622692577731532,FALSE
"AT1G26160","AT1G26160","Metal-dependent phosphohydrolase","Pep1",90,"Pep1_90_vs_mock_90",240.615998271296,-0.00451621456350818,0.996874493206253,0.1238366270411,-0.0364691341440467,0.970908289715026,0.982398583290395,-0.247236003564065,0.238203574437049,FALSE
"AT1G26160","AT1G26160","Metal-dependent phosphohydrolase","Pep1",180,"Pep1_180_vs_mock_180",240.615998271296,0.233643306786696,1.17580050838062,0.119967748212239,1.94755098989896,0.0514687129205608,0.108067897298518,-0.00149347970929373,0.468780093282685,FALSE
"AT1G26160","AT1G26160","Metal-dependent phosphohydrolase","chitooct",0,"chitooct_0_vs_mock_0",240.615998271296,-0.063735779719264,0.956783370742908,0.131468404348216,-0.484799218757148,0.627818776959622,1,-0.321413852241767,0.193942292803239,FALSE
"AT1G26160","AT1G26160","Metal-dependent phosphohydrolase","chitooct",5,"chitooct_5_vs_mock_5",240.615998271296,0.134219230004156,1.09749869933938,0.121703624860457,1.10283674917694,0.270098065971632,1,-0.10431987472234,0.372758334730652,FALSE
"AT1G26160","AT1G26160","Metal-dependent phosphohydrolase","chitooct",10,"chitooct_10_vs_mock_10",240.615998271296,-0.092370724397854,0.937980135990411,0.121048032941593,-0.763091494782272,0.445408832031468,1,-0.329624868963377,0.144883420167669,FALSE
"AT1G26160","AT1G26160","Metal-dependent phosphohydrolase","chitooct",30,"chitooct_30_vs_mock_30",240.615998271296,-0.106221639034587,0.929017939680682,0.121841474742798,-0.8718019808839,0.383316413771932,0.798039805196453,-0.345030929530472,0.132587651461297,FALSE
"AT1G26160","AT1G26160","Metal-dependent phosphohydrolase","chitooct",90,"chitooct_90_vs_mock_90",240.615998271296,0.0218319883159581,1.01524786144204,0.122929550406727,0.177597560909678,0.85903904020483,0.951799562923772,-0.219109930481227,0.262773907113144,FALSE
"AT1G26160","AT1G26160","Metal-dependent phosphohydrolase","chitooct",180,"chitooct_180_vs_mock_180",240.615998271296,0.100078534110812,1.07183180686027,0.121482948851909,0.823807250783895,0.410049087031958,0.975789129680364,-0.13802804563893,0.338185113860553,FALSE
"AT1G26160","AT1G26160","Metal-dependent phosphohydrolase","3.OH10",0,"3.OH10_0_vs_mock_0",240.615998271296,-0.0164851860582075,0.988638376093119,0.121065572734122,-0.136167414781174,0.891688934434519,1,-0.253773708617086,0.220803336500671,FALSE
"AT1G26160","AT1G26160","Metal-dependent phosphohydrolase","3.OH10",5,"3.OH10_5_vs_mock_5",240.615998271296,0.0421934623762859,1.02967815185497,0.132146115127036,0.319294005243546,0.749503578095735,1,-0.216812923272704,0.301199848025276,FALSE
"AT1G26160","AT1G26160","Metal-dependent phosphohydrolase","3.OH10",10,"3.OH10_10_vs_mock_10",240.615998271296,-0.0652804219063417,0.955759525066749,0.121700985523313,-0.536400109051186,0.591682056058659,0.999602297317036,-0.303814353532035,0.173253509719351,FALSE
"AT1G26160","AT1G26160","Metal-dependent phosphohydrolase","3.OH10",30,"3.OH10_30_vs_mock_30",240.615998271296,-0.0108413332113699,0.992513524762431,0.120047693331563,-0.0903085507976147,0.928042025365066,0.995110434114645,-0.246134812141234,0.224452145718494,FALSE
"AT1G26160","AT1G26160","Metal-dependent phosphohydrolase","3.OH10",90,"3.OH10_90_vs_mock_90",240.615998271296,0.0484112164802489,1.03412545468682,0.122152857808619,0.39631669163317,0.691871415091384,0.911962632795365,-0.191008384824645,0.287830817785142,FALSE
"AT1G26160","AT1G26160","Metal-dependent phosphohydrolase","3.OH10",180,"3.OH10_180_vs_mock_180",240.615998271296,0.104971172121447,1.07547290018325,0.120158013310577,0.873609418375818,0.382330995328491,0.766056957322606,-0.130538533967284,0.340480878210179,FALSE
"AT4G02260","AT4G02260","RelA/SpoT homolog 1 (RSH1)","flg22",0,"flg22_0_vs_mock_0",1064.56346828728,-0.285932091977414,0.820211517852908,0.128908831308041,-2.21809544835722,0.0265483251071353,1,-0.538593401341174,-0.0332707826136538,FALSE
"AT4G02260","AT4G02260","RelA/SpoT homolog 1 (RSH1)","flg22",5,"flg22_5_vs_mock_5",1064.56346828728,0.018163624151775,1.01266965339376,0.11938146463947,0.152147774418992,0.879070384257297,0.991041614645259,-0.215824046541587,0.252151294845137,FALSE
"AT4G02260","AT4G02260","RelA/SpoT homolog 1 (RSH1)","flg22",10,"flg22_10_vs_mock_10",1064.56346828728,0.0970197489557714,1.06956172894389,0.128942926855384,0.752423970215784,0.451796136074277,1,-0.155708387680781,0.349747885592324,FALSE
"AT4G02260","AT4G02260","RelA/SpoT homolog 1 (RSH1)","flg22",30,"flg22_30_vs_mock_30",1064.56346828728,0.0231504141742773,1.01617608313666,0.119629326550932,0.193517884299223,0.846553401131187,0.956373186894809,-0.21132306586555,0.257623894214104,FALSE
"AT4G02260","AT4G02260","RelA/SpoT homolog 1 (RSH1)","flg22",90,"flg22_90_vs_mock_90",1064.56346828728,-0.296479526606904,0.814236879985098,0.120232149703888,-2.46589225375314,0.0136672439144774,0.0277281417226994,-0.532134540026524,-0.0608245131872842,TRUE
"AT4G02260","AT4G02260","RelA/SpoT homolog 1 (RSH1)","flg22",180,"flg22_180_vs_mock_180",1064.56346828728,-0.02408121968015,0.983446707179371,0.119860828718737,-0.200909837997686,0.840769074954068,0.885423777878193,-0.259008443968875,0.210846004608575,FALSE
"AT4G02260","AT4G02260","RelA/SpoT homolog 1 (RSH1)","elf18",0,"elf18_0_vs_mock_0",1064.56346828728,-0.126725122054251,0.915908178579465,0.119098469862349,-1.06403652541226,0.287312153459644,1,-0.360158122984456,0.106707878875953,FALSE
"AT4G02260","AT4G02260","RelA/SpoT homolog 1 (RSH1)","elf18",5,"elf18_5_vs_mock_5",1064.56346828728,-0.0245296726408112,0.983141056271583,0.11941243782474,-0.205419745946507,0.837244194184829,1,-0.258578050777301,0.209518705495679,FALSE
"AT4G02260","AT4G02260","RelA/SpoT homolog 1 (RSH1)","elf18",10,"elf18_10_vs_mock_10",1064.56346828728,0.135011778225623,1.09810177870156,0.119570238816609,1.12914199688685,0.258837937474144,0.938820513905189,-0.0993458898549293,0.369369446306176,FALSE
"AT4G02260","AT4G02260","RelA/SpoT homolog 1 (RSH1)","elf18",30,"elf18_30_vs_mock_30",1064.56346828728,0.0852849868954217,1.06089728805404,0.119492879268591,0.713724427911071,0.475397598141922,0.758395753698221,-0.148921056471016,0.31949103026186,FALSE
"AT4G02260","AT4G02260","RelA/SpoT homolog 1 (RSH1)","elf18",90,"elf18_90_vs_mock_90",1064.56346828728,-0.184719918380347,0.879819865623434,0.129329399231189,-1.42829023778376,0.153208336531999,0.258514295687226,-0.438205540873478,0.0687657041127849,FALSE
"AT4G02260","AT4G02260","RelA/SpoT homolog 1 (RSH1)","elf18",180,"elf18_180_vs_mock_180",1064.56346828728,-0.106717756419577,0.928698521717191,0.119576094895953,-0.892467315582063,0.372142504010335,0.52289088278921,-0.341086902415644,0.12765138957649,FALSE
"AT4G02260","AT4G02260","RelA/SpoT homolog 1 (RSH1)","nlp20",0,"nlp20_0_vs_mock_0",1064.56346828728,-0.0622784677256627,0.957750336254344,0.11902197029876,-0.523251863242863,0.600798994308921,1,-0.295561529511231,0.171004594059906,FALSE
"AT4G02260","AT4G02260","RelA/SpoT homolog 1 (RSH1)","nlp20",5,"nlp20_5_vs_mock_5",1064.56346828728,0.00412760519324211,1.00286513457708,0.129045096568448,0.0319857577157357,0.974483408783212,1,-0.248800784080917,0.257055994467401,FALSE
"AT4G02260","AT4G02260","RelA/SpoT homolog 1 (RSH1)","nlp20",10,"nlp20_10_vs_mock_10",1064.56346828728,0.0891350395212753,1.06373223597842,0.129236863082045,0.689702902063543,0.490381040490356,1,-0.164169212119533,0.342439291162084,FALSE
"AT4G02260","AT4G02260","RelA/SpoT homolog 1 (RSH1)","nlp20",30,"nlp20_30_vs_mock_30",1064.56346828728,0.0947550407024275,1.06788407357709,0.119326908891824,0.794079404070777,0.427149206904291,0.797363815128888,-0.139125700725548,0.328635782130403,FALSE
"AT4G02260","AT4G02260","RelA/SpoT homolog 1 (RSH1)","nlp20",90,"nlp20_90_vs_mock_90",1064.56346828728,-0.324473832533697,0.798589588054285,0.129670084383339,-2.50230293345431,0.0123388296614951,0.0348230924799089,-0.578627197925041,-0.0703204671423522,TRUE
"AT4G02260","AT4G02260","RelA/SpoT homolog 1 (RSH1)","nlp20",180,"nlp20_180_vs_mock_180",1064.56346828728,-0.32475007302554,0.798436692497228,0.129640716019985,-2.50500061242703,0.0122451181358662,0.0358166097838129,-0.57884587642471,-0.0706542696263702,TRUE
"AT4G02260","AT4G02260","RelA/SpoT homolog 1 (RSH1)","OGs",0,"OGs_0_vs_mock_0",1064.56346828728,-0.0425783592430419,0.970918187985545,0.128303260178378,-0.331857188849651,0.739997098449644,1,-0.294052749192662,0.208896030706579,FALSE
"AT4G02260","AT4G02260","RelA/SpoT homolog 1 (RSH1)","OGs",5,"OGs_5_vs_mock_5",1064.56346828728,-0.0895079668319291,0.939843229412965,0.119508601110451,-0.748966735450321,0.453877255100481,1,-0.323744825008413,0.144728891344555,FALSE
"AT4G02260","AT4G02260","RelA/SpoT homolog 1 (RSH1)","OGs",10,"OGs_10_vs_mock_10",1064.56346828728,0.254034327138391,1.19253724693714,0.119552819872753,2.12487106041309,0.0335973733441724,0.4714918339857,0.019710800187796,0.488357854088986,FALSE
"AT4G02260","AT4G02260","RelA/SpoT homolog 1 (RSH1)","OGs",30,"OGs_30_vs_mock_30",1064.56346828728,0.097616544658983,1.07000426313734,0.119344772860269,0.817937328292327,0.413392974192547,0.686213291039097,-0.136299210147144,0.33153229946511,FALSE
"AT4G02260","AT4G02260","RelA/SpoT homolog 1 (RSH1)","OGs",90,"OGs_90_vs_mock_90",1064.56346828728,-0.325033578940401,0.798279806059897,0.129560946623551,-2.50873112161498,0.0121165674217599,0.0447999263886631,-0.578973034322561,-0.0710941235582405,TRUE
"AT4G02260","AT4G02260","RelA/SpoT homolog 1 (RSH1)","OGs",180,"OGs_180_vs_mock_180",1064.56346828728,-0.151850646808279,0.900095106185567,0.119501461208693,-1.27070117195549,0.203834978508295,0.445857674986552,-0.386073510777317,0.0823722171607586,FALSE
"AT4G02260","AT4G02260","RelA/SpoT homolog 1 (RSH1)","Pep1",0,"Pep1_0_vs_mock_0",1064.56346828728,-0.192632306156362,0.875007746170833,0.128591288438792,-1.49801987751334,0.134128086099111,1,-0.444671231496394,0.0594066191836705,FALSE
"AT4G02260","AT4G02260","RelA/SpoT homolog 1 (RSH1)","Pep1",5,"Pep1_5_vs_mock_5",1064.56346828728,-0.0414708872736259,0.971663790806372,0.129276452352356,-0.320792275151493,0.748367813808268,1,-0.294852733884244,0.211910959336993,FALSE
"AT4G02260","AT4G02260","RelA/SpoT homolog 1 (RSH1)","Pep1",10,"Pep1_10_vs_mock_10",1064.56346828728,-0.00341899180263492,0.997632941383606,0.119801507484956,-0.0285388045143277,0.977232419096276,1,-0.238229946473148,0.231391962867878,FALSE
"AT4G02260","AT4G02260","RelA/SpoT homolog 1 (RSH1)","Pep1",30,"Pep1_30_vs_mock_30",1064.56346828728,0.163692771163547,1.12015064733404,0.119369144943607,1.37131560455493,0.170276593321997,0.436848063874416,-0.0702707529259219,0.397656295253016,FALSE
"AT4G02260","AT4G02260","RelA/SpoT homolog 1 (RSH1)","Pep1",90,"Pep1_90_vs_mock_90",1064.56346828728,-0.335633988489227,0.79243582627279,0.11992932926892,-2.79859806216899,0.00513249821300304,0.0149387567520634,-0.570695473856311,-0.100572503122144,TRUE
"AT4G02260","AT4G02260","RelA/SpoT homolog 1 (RSH1)","Pep1",180,"Pep1_180_vs_mock_180",1064.56346828728,-0.260604842965003,0.834737886210017,0.11984926885222,-2.17443832124118,0.0296722327789871,0.0689789089204925,-0.495509409915354,-0.0257002760146528,FALSE
"AT4G02260","AT4G02260","RelA/SpoT homolog 1 (RSH1)","chitooct",0,"chitooct_0_vs_mock_0",1064.56346828728,-0.0607587923970124,0.958759722403672,0.1286256385362,-0.472369218831227,0.636663271295535,1,-0.312865043927964,0.191347459133939,FALSE
"AT4G02260","AT4G02260","RelA/SpoT homolog 1 (RSH1)","chitooct",5,"chitooct_5_vs_mock_5",1064.56346828728,-0.0273270597800336,0.981236591747992,0.119325205071843,-0.229013306648671,0.818858573741197,1,-0.261204461720846,0.206550342160779,FALSE
"AT4G02260","AT4G02260","RelA/SpoT homolog 1 (RSH1)","chitooct",10,"chitooct_10_vs_mock_10",1064.56346828728,0.12041613162976,1.0870483660475,0.11947914890587,1.00784222797426,0.313530209871193,1,-0.113763000225745,0.354595263485264,FALSE
"AT4G02260","AT4G02260","RelA/SpoT homolog 1 (RSH1)","chitooct",30,"chitooct_30_vs_mock_30",1064.56346828728,0.0732151286869369,1.05205864611961,0.11952413521065,0.612555184422811,0.540170498656578,0.888604638144643,-0.161052176325938,0.307482433699812,FALSE
"AT4G02260","AT4G02260","RelA/SpoT homolog 1 (RSH1)","chitooct",90,"chitooct_90_vs_mock_90",1064.56346828728,-0.157051297048476,0.896856270110741,0.119459423543569,-1.31468319861092,0.188616395500054,0.490258279017871,-0.391191767193871,0.0770891730969192,FALSE
"AT4G02260","AT4G02260","RelA/SpoT homolog 1 (RSH1)","chitooct",180,"chitooct_180_vs_mock_180",1064.56346828728,-0.174631958833417,0.885993513153494,0.119939862821676,-1.45599598603057,0.145393729237332,0.851092531133489,-0.409714089963902,0.0604501722970677,FALSE
"AT4G02260","AT4G02260","RelA/SpoT homolog 1 (RSH1)","3.OH10",0,"3.OH10_0_vs_mock_0",1064.56346828728,-0.09500082353182,0.93627171298352,0.119058847915464,-0.797931654766842,0.424910152595262,1,-0.328356165446129,0.138354518382489,FALSE
"AT4G02260","AT4G02260","RelA/SpoT homolog 1 (RSH1)","3.OH10",5,"3.OH10_5_vs_mock_5",1064.56346828728,-0.00166170570296434,0.998848856451716,0.128889251302309,-0.0128925079956188,0.989713551884408,1,-0.254284638255491,0.250961226849562,FALSE
"AT4G02260","AT4G02260","RelA/SpoT homolog 1 (RSH1)","3.OH10",10,"3.OH10_10_vs_mock_10",1064.56346828728,0.055259344937124,1.03904586977217,0.119741905604982,0.461487101428131,0.644449173372668,0.999602297317036,-0.179434790048641,0.289953479922889,FALSE
"AT4G02260","AT4G02260","RelA/SpoT homolog 1 (RSH1)","3.OH10",30,"3.OH10_30_vs_mock_30",1064.56346828728,0.11594427928465,1.08368411127705,0.119197478710501,0.972707481223219,0.330698705986892,0.877168586025706,-0.117682778987933,0.349571337557233,FALSE
"AT4G02260","AT4G02260","RelA/SpoT homolog 1 (RSH1)","3.OH10",90,"3.OH10_90_vs_mock_90",1064.56346828728,-0.240767225682818,0.846295132648854,0.119440112172558,-2.01579872375686,0.0438210270802215,0.232897851862149,-0.474869845541031,-0.00666460582460521,FALSE
"AT4G02260","AT4G02260","RelA/SpoT homolog 1 (RSH1)","3.OH10",180,"3.OH10_180_vs_mock_180",1064.56346828728,-0.127130605327544,0.915650789976932,0.119493351357248,-1.0639136310393,0.287367827411896,0.689402195073436,-0.36133757398775,0.107076363332662,FALSE
